{
	"credit": "Made with Blockbench",
	"parent": "block/block",
	"ambientocclusion": false,
	"textures": {
		"0": "block/pumpkin_side",
		"1": "block/pumpkin_top",
		"3": "block/jack_o_lantern",
		"4": "block/torch",
		"particle": "block/pumpkin_side"
	},
	"elements": [
		{
			"from": [0, 0, 0],
			"to": [1, 16, 16],
			"faces": {
				"north": {"uv": [15, 0, 16, 16], "texture": "#3", "cullface": "north"},
				"east": {"uv": [0, 0, 16, 16], "texture": "#0", "cullface": "north"},
				"west": {"uv": [0, 0, 16, 16], "texture": "#0", "cullface": "west"}
			}
		},
		{
			"from": [13, 6, 0],
			"to": [14, 14, 1],
			"faces": {
				"north": {"uv": [2, 2, 3, 10], "texture": "#3", "cullface": "north"},
				"south": {"uv": [13, 2, 14, 10], "texture": "#0", "cullface": "north"},
				"west": {"uv": [0, 2, 1, 10], "texture": "#0", "cullface": "north"},
				"down": {"uv": [13, 15, 14, 16], "texture": "#0", "cullface": "north"}
			}
		},
		{
			"from": [15, 0, 0],
			"to": [16, 16, 16],
			"faces": {
				"north": {"uv": [0, 0, 1, 16], "texture": "#3", "cullface": "north"},
				"east": {"uv": [0, 0, 16, 16], "texture": "#0", "cullface": "east"},
				"west": {"uv": [0, 0, 16, 16], "texture": "#0", "cullface": "north"}
			}
		},
		{
			"from": [0, 0, 0],
			"to": [16, 1, 16],
			"faces": {
				"north": {"uv": [1, 15, 15, 16], "texture": "#3", "cullface": "north"},
				"up": {"uv": [0, 0, 16, 16], "texture": "#1", "cullface": "north"},
				"down": {"uv": [0, 0, 16, 16], "texture": "#1", "cullface": "north"}
			}
		},
		{
			"from": [0, 15, 0],
			"to": [16, 16, 16],
			"faces": {
				"north": {"uv": [1, 0, 15, 1], "texture": "#3", "cullface": "north"},
				"up": {"uv": [0, 0, 16, 16], "texture": "#1", "cullface": "up"},
				"down": {"uv": [0, 0, 16, 16], "texture": "#1", "cullface": "north"}
			}
		},
		{
			"from": [14, 1, 0],
			"to": [15, 15, 1],
			"faces": {
				"north": {"uv": [1, 1, 2, 15], "texture": "#3", "cullface": "north"},
				"south": {"uv": [14, 1, 15, 15], "texture": "#0", "cullface": "north"},
				"west": {"uv": [0, 1, 1, 15], "texture": "#0", "cullface": "north"}
			}
		},
		{
			"from": [1, 1, 0],
			"to": [14, 2, 1],
			"faces": {
				"north": {"uv": [2, 14, 15, 15], "texture": "#3", "cullface": "north"},
				"south": {"uv": [1, 14, 14, 15], "texture": "#0", "cullface": "north"},
				"up": {"uv": [1, 0, 14, 1], "texture": "#0", "cullface": "north"}
			}
		},
		{
			"from": [13, 2, 0],
			"to": [14, 4, 1],
			"faces": {
				"north": {"uv": [2, 12, 3, 14], "texture": "#3", "cullface": "north"},
				"south": {"uv": [13, 12, 14, 14], "texture": "#0", "cullface": "north"},
				"west": {"uv": [0, 12, 1, 14], "texture": "#0", "cullface": "north"},
				"up": {"uv": [13, 0, 14, 1], "texture": "#0", "cullface": "north"}
			}
		},
		{
			"from": [10, 2, 0],
			"to": [12, 3, 1],
			"faces": {
				"north": {"uv": [4, 13, 6, 14], "texture": "#3", "cullface": "north"},
				"east": {"uv": [15, 13, 16, 14], "texture": "#0", "cullface": "north"},
				"south": {"uv": [10, 13, 12, 14], "texture": "#0", "cullface": "north"},
				"west": {"uv": [0, 13, 1, 14], "texture": "#0", "cullface": "north"},
				"up": {"uv": [10, 0, 12, 1], "texture": "#0", "cullface": "north"}
			}
		},
		{
			"from": [5, 2, 0],
			"to": [9, 3, 1],
			"faces": {
				"north": {"uv": [7, 13, 11, 14], "texture": "#3", "cullface": "north"},
				"east": {"uv": [15, 13, 16, 14], "texture": "#0", "cullface": "north"},
				"south": {"uv": [5, 13, 9, 14], "texture": "#0", "cullface": "north"},
				"west": {"uv": [0, 13, 1, 14], "texture": "#0", "cullface": "north"},
				"up": {"uv": [5, 0, 9, 1], "texture": "#0", "cullface": "north"}
			}
		},
		{
			"from": [1, 2, 0],
			"to": [4, 3, 1],
			"faces": {
				"north": {"uv": [12, 13, 15, 14], "texture": "#3", "cullface": "north"},
				"east": {"uv": [15, 13, 16, 14], "texture": "#0", "cullface": "north"},
				"south": {"uv": [1, 13, 4, 14], "texture": "#0", "cullface": "north"},
				"up": {"uv": [1, 0, 4, 1], "texture": "#0", "cullface": "north"}
			}
		},
		{
			"from": [10, 3, 0],
			"to": [11, 4, 1],
			"faces": {
				"north": {"uv": [5, 12, 6, 13], "texture": "#3", "cullface": "north"},
				"east": {"uv": [15, 12, 16, 13], "texture": "#0", "cullface": "north"},
				"south": {"uv": [10, 12, 11, 13], "texture": "#0", "cullface": "north"},
				"west": {"uv": [0, 12, 1, 13], "texture": "#0", "cullface": "north"},
				"up": {"uv": [10, 0, 11, 1], "texture": "#0", "cullface": "north"}
			}
		},
		{
			"from": [7, 3, 0],
			"to": [8, 4, 1],
			"faces": {
				"north": {"uv": [8, 12, 9, 13], "texture": "#3", "cullface": "north"},
				"east": {"uv": [15, 12, 16, 13], "texture": "#0", "cullface": "north"},
				"south": {"uv": [7, 12, 8, 13], "texture": "#0", "cullface": "north"},
				"west": {"uv": [0, 12, 1, 13], "texture": "#0", "cullface": "north"},
				"up": {"uv": [7, 0, 8, 1], "texture": "#0", "cullface": "north"}
			}
		},
		{
			"from": [3, 3, 0],
			"to": [4, 4, 1],
			"faces": {
				"north": {"uv": [12, 12, 13, 13], "texture": "#3", "cullface": "north"},
				"east": {"uv": [15, 12, 16, 13], "texture": "#0", "cullface": "north"},
				"south": {"uv": [3, 12, 4, 13], "texture": "#0", "cullface": "north"},
				"west": {"uv": [0, 12, 1, 13], "texture": "#0", "cullface": "north"},
				"up": {"uv": [3, 0, 4, 1], "texture": "#0", "cullface": "north"}
			}
		},
		{
			"from": [1, 5, 0],
			"to": [2, 14, 1],
			"faces": {
				"north": {"uv": [14, 2, 15, 11], "texture": "#3", "cullface": "north"},
				"east": {"uv": [15, 2, 16, 11], "texture": "#0", "cullface": "north"},
				"south": {"uv": [1, 2, 2, 11], "texture": "#0", "cullface": "north"},
				"down": {"uv": [1, 15, 2, 16], "texture": "#0", "cullface": "north"}
			}
		},
		{
			"from": [1, 14, 0],
			"to": [14, 15, 1],
			"faces": {
				"north": {"uv": [2, 1, 15, 2], "texture": "#3", "cullface": "north"},
				"south": {"uv": [1, 1, 14, 2], "texture": "#0", "cullface": "north"},
				"down": {"uv": [1, 15, 14, 16], "texture": "#0", "cullface": "north"}
			}
		},
		{
			"from": [3, 12, 0],
			"to": [4, 14, 1],
			"faces": {
				"north": {"uv": [12, 2, 13, 4], "texture": "#3", "cullface": "north"},
				"east": {"uv": [15, 2, 16, 4], "texture": "#0", "cullface": "north"},
				"south": {"uv": [3, 2, 4, 4], "texture": "#0", "cullface": "north"},
				"down": {"uv": [3, 15, 4, 16], "texture": "#0", "cullface": "north"}
			}
		},
		{
			"from": [2, 10, 0],
			"to": [3, 14, 1],
			"faces": {
				"north": {"uv": [13, 2, 14, 6], "texture": "#3", "cullface": "north"},
				"east": {"uv": [15, 2, 16, 6], "texture": "#0", "cullface": "north"},
				"south": {"uv": [2, 2, 3, 6], "texture": "#0", "cullface": "north"},
				"down": {"uv": [2, 15, 3, 16], "texture": "#0", "cullface": "north"}
			}
		},
		{
			"from": [4, 13, 0],
			"to": [5, 14, 1],
			"faces": {
				"north": {"uv": [11, 2, 12, 3], "texture": "#3", "cullface": "north"},
				"east": {"uv": [15, 2, 16, 3], "texture": "#0", "cullface": "north"},
				"south": {"uv": [4, 2, 5, 3], "texture": "#0", "cullface": "north"},
				"down": {"uv": [4, 15, 5, 16], "texture": "#0", "cullface": "north"}
			}
		},
		{
			"from": [0, 0, 15],
			"to": [16, 16, 16],
			"faces": {
				"north": {"uv": [0, 0, 16, 16], "texture": "#0", "cullface": "north"},
				"south": {"uv": [0, 0, 16, 16], "texture": "#0", "cullface": "south"}
			}
		},
		{
			"from": [12, 12, 0],
			"to": [13, 14, 1],
			"faces": {
				"north": {"uv": [3, 2, 4, 4], "texture": "#3", "cullface": "north"},
				"south": {"uv": [12, 2, 13, 4], "texture": "#0", "cullface": "north"},
				"west": {"uv": [0, 2, 1, 4], "texture": "#0", "cullface": "north"},
				"down": {"uv": [12, 15, 13, 16], "texture": "#0", "cullface": "north"}
			}
		},
		{
			"from": [2, 7, 0],
			"to": [13, 8, 1],
			"faces": {
				"north": {"uv": [3, 8, 14, 9], "texture": "#3", "cullface": "north"},
				"south": {"uv": [2, 8, 13, 9], "texture": "#0", "cullface": "north"},
				"up": {"uv": [2, 0, 13, 1], "texture": "#0", "cullface": "north"},
				"down": {"uv": [2, 15, 13, 16], "texture": "#0", "cullface": "north"}
			}
		},
		{
			"from": [7, 8, 0],
			"to": [9, 14, 1],
			"faces": {
				"north": {"uv": [7, 2, 9, 8], "texture": "#3", "cullface": "north"},
				"east": {"uv": [15, 2, 16, 8], "texture": "#0", "cullface": "north"},
				"south": {"uv": [7, 2, 9, 8], "texture": "#0", "cullface": "north"},
				"west": {"uv": [0, 2, 1, 8], "texture": "#0", "cullface": "north"}
			}
		},
		{
			"from": [8, 6, 0],
			"to": [10, 7, 1],
			"faces": {
				"north": {"uv": [6, 9, 8, 10], "texture": "#3", "cullface": "north"},
				"east": {"uv": [15, 9, 16, 10], "texture": "#0", "cullface": "north"},
				"south": {"uv": [8, 9, 10, 10], "texture": "#0", "cullface": "north"},
				"west": {"uv": [0, 9, 1, 10], "texture": "#0", "cullface": "north"},
				"down": {"uv": [8, 15, 10, 16], "texture": "#0", "cullface": "north"}
			}
		},
		{
			"from": [5, 6, 0],
			"to": [7, 7, 1],
			"faces": {
				"north": {"uv": [9, 9, 11, 10], "texture": "#3", "cullface": "north"},
				"east": {"uv": [15, 9, 16, 10], "texture": "#0", "cullface": "north"},
				"south": {"uv": [5, 9, 7, 10], "texture": "#0", "cullface": "north"},
				"west": {"uv": [0, 9, 1, 10], "texture": "#0", "cullface": "north"},
				"down": {"uv": [5, 15, 7, 16], "texture": "#0", "cullface": "north"}
			}
		},
		{
			"from": [3, 6, 0],
			"to": [4, 7, 1],
			"faces": {
				"north": {"uv": [12, 9, 13, 10], "texture": "#3", "cullface": "north"},
				"east": {"uv": [15, 9, 16, 10], "texture": "#0", "cullface": "north"},
				"south": {"uv": [3, 9, 4, 10], "texture": "#0", "cullface": "north"},
				"west": {"uv": [0, 9, 1, 10], "texture": "#0", "cullface": "north"},
				"down": {"uv": [3, 15, 4, 16], "texture": "#0", "cullface": "north"}
			}
		},
		{
			"from": [11, 6, 0],
			"to": [12, 7, 1],
			"faces": {
				"north": {"uv": [4, 9, 5, 10], "texture": "#3", "cullface": "north"},
				"east": {"uv": [15, 9, 16, 10], "texture": "#0", "cullface": "north"},
				"south": {"uv": [11, 9, 12, 10], "texture": "#0", "cullface": "north"},
				"west": {"uv": [0, 9, 1, 10], "texture": "#0", "cullface": "north"},
				"down": {"uv": [11, 15, 12, 16], "texture": "#0", "cullface": "north"}
			}
		},
		{
			"from": [12, 8, 0],
			"to": [13, 9, 1],
			"faces": {
				"north": {"uv": [3, 7, 4, 8], "texture": "#3", "cullface": "north"},
				"south": {"uv": [12, 7, 13, 8], "texture": "#0", "cullface": "north"},
				"west": {"uv": [0, 7, 1, 8], "texture": "#0", "cullface": "north"},
				"up": {"uv": [12, 0, 13, 1], "texture": "#0", "cullface": "north"}
			}
		},
		{
			"from": [6, 8, 0],
			"to": [10, 9, 1],
			"faces": {
				"north": {"uv": [6, 7, 10, 8], "texture": "#3", "cullface": "north"},
				"east": {"uv": [15, 7, 16, 8], "texture": "#0"},
				"south": {"uv": [6, 7, 10, 8], "texture": "#0", "cullface": "north"},
				"west": {"uv": [0, 7, 1, 8], "texture": "#0", "cullface": "north"},
				"up": {"uv": [6, 0, 10, 1], "texture": "#0", "cullface": "north"}
			}
		},
		{
			"from": [6, 13, 0],
			"to": [10, 14, 1],
			"faces": {
				"north": {"uv": [6, 2, 10, 3], "texture": "#3", "cullface": "north"},
				"east": {"uv": [15, 2, 16, 3], "texture": "#0"},
				"south": {"uv": [6, 2, 10, 3], "texture": "#0", "cullface": "north"},
				"west": {"uv": [0, 2, 1, 3], "texture": "#0", "cullface": "north"},
				"down": {"uv": [6, 15, 10, 16], "texture": "#0", "cullface": "north"}
			}
		},
		{
			"from": [6, 16, 6],
			"to": [8, 16.75, 8],
			"faces": {
				"north": {"uv": [6, 7, 8, 8], "texture": "#1", "cullface": "up"},
				"east": {"uv": [6, 6, 8, 7], "texture": "#1", "cullface": "up"},
				"south": {"uv": [6, 7, 8, 8], "texture": "#1", "cullface": "up"},
				"west": {"uv": [6, 6, 8, 7], "texture": "#1", "cullface": "up"},
				"up": {"uv": [6, 6, 8, 8], "texture": "#1", "cullface": "up"}
			}
		},
		{
			"from": [7, 16, 9],
			"to": [8, 16.25, 10],
			"faces": {
				"east": {"uv": [7, 9.75, 8, 10], "texture": "#1", "cullface": "up"},
				"south": {"uv": [7, 9.5, 8, 9.75], "texture": "#1", "cullface": "up"},
				"west": {"uv": [7, 9, 8, 9.25], "texture": "#1", "cullface": "up"},
				"up": {"uv": [7, 9, 8, 10], "texture": "#1", "cullface": "up"}
			}
		},
		{
			"from": [9, 16, 7],
			"to": [10, 16.25, 8],
			"faces": {
				"north": {"uv": [9, 7, 10, 7.25], "texture": "#1", "cullface": "up"},
				"east": {"uv": [9, 7.75, 10, 8], "texture": "#1", "cullface": "up"},
				"south": {"uv": [9, 7.5, 10, 7.75], "texture": "#1", "cullface": "up"},
				"up": {"uv": [9, 7, 10, 8], "texture": "#1", "cullface": "up"}
			}
		},
		{
			"from": [5, 16, 6],
			"to": [9, 16.5, 8],
			"faces": {
				"north": {"uv": [5, 6, 9, 7], "texture": "#1", "cullface": "up"},
				"east": {"uv": [7, 6, 9, 7], "texture": "#1", "cullface": "up"},
				"south": {"uv": [5, 7, 9, 8], "texture": "#1", "cullface": "up"},
				"west": {"uv": [6, 5, 8, 6], "texture": "#1", "cullface": "up"},
				"up": {"uv": [5, 6, 9, 8], "texture": "#1", "cullface": "up"}
			}
		},
		{
			"from": [6, 16, 5],
			"to": [8, 16.5, 9],
			"faces": {
				"north": {"uv": [6, 5, 8, 6], "texture": "#1", "cullface": "up"},
				"east": {"uv": [6, 7, 10, 8], "texture": "#1", "cullface": "up"},
				"south": {"uv": [6, 8, 8, 9], "texture": "#1", "cullface": "up"},
				"west": {"uv": [5, 6, 9, 7], "texture": "#1", "cullface": "up"},
				"up": {"uv": [6, 5, 8, 9], "texture": "#1", "cullface": "up"}
			}
		},
		{
			"from": [8, 16, 8],
			"to": [9, 16.25, 9],
			"faces": {
				"east": {"uv": [8, 8, 9, 8.25], "texture": "#1", "cullface": "up"},
				"south": {"uv": [8, 8.75, 9, 9], "texture": "#1", "cullface": "up"},
				"up": {"uv": [8, 8, 9, 9], "texture": "#1", "cullface": "up"}
			}
		},
		{
			"from": [7, 1, 7],
			"to": [9, 11, 9],
			"faces": {
				"north": {"uv": [7, 6, 9, 16], "texture": "#4", "cullface": "north"},
				"east": {"uv": [7, 6, 9, 16], "texture": "#4", "cullface": "north"},
				"south": {"uv": [7, 6, 9, 16], "texture": "#4", "cullface": "north"},
				"west": {"uv": [7, 6, 9, 16], "texture": "#4", "cullface": "north"},
				"up": {"uv": [7, 6, 9, 8], "texture": "#4", "cullface": "north"}
			}
		}
	],
	"display": {
		"fixed": {
			"rotation": [-90, 0, -180],
			"translation": [0, 0, 49],
			"scale": [2, 2, 2]
		}
	},
	"groups": [
		{
			"name": "carved_pumpkin",
			"origin": [8, 8, 8],
			"children": [0, 1, 2, 3, 4, 5, 6, 7, 8, 9, 10, 11, 12, 13, 14, 15, 16, 17, 18, 19, 20, 21, 22, 23, 24, 25, 26, 27, 28, 29, 30, 31, 32, 33, 34, 35]
		}, 36]
}