{
	"credit": "Made with Blockbench",
	"texture_size": [8, 8],
	"textures": {
		"0": "./hat",
		"1": "./goose",
		"2": "./goose_body",
		"particle": "./hat"
	},
	"elements": [
		{
			"from": [6.75, 11.75, 2.75],
			"to": [9.25, 14.25, 5.75],
			"faces": {
				"north": {"uv": [0, 0, 5, 5], "texture": "#1"},
				"east": {"uv": [6, 0, 7, 1], "texture": "#1"},
				"south": {"uv": [6, 0, 7, 1], "texture": "#1"},
				"west": {"uv": [6, 0, 7, 1], "texture": "#1"},
				"up": {"uv": [10, 0, 15, 6], "texture": "#missing"},
				"down": {"uv": [10, 0, 15, 6], "texture": "#1"}
			}
		},
		{
			"from": [7.5, 12.5, 0.75],
			"to": [8.5, 13.25, 2.75],
			"faces": {
				"north": {"uv": [0, 5, 2, 6.5], "texture": "#1"},
				"east": {"uv": [2, 5, 6, 6.5], "texture": "#1"},
				"south": {"uv": [0, 0, 2, 1.5], "texture": "#missing"},
				"west": {"uv": [2, 5, 6, 6.5], "texture": "#1"},
				"up": {"uv": [0, 7, 2, 11], "texture": "#1"},
				"down": {"uv": [2, 7, 4, 11], "texture": "#1"}
			}
		},
		{
			"from": [7.5, 9, 4.1],
			"to": [8.5, 12, 5.1],
			"faces": {
				"north": {"uv": [0, 0, 1, 1], "texture": "#1"},
				"east": {"uv": [0, 0, 1, 1], "texture": "#1"},
				"south": {"uv": [0, 0, 1, 1], "texture": "#1"},
				"west": {"uv": [0, 0, 1, 1], "texture": "#1"},
				"up": {"uv": [0, 0, 2, 2], "texture": "#missing"},
				"down": {"uv": [0, 0, 2, 2], "texture": "#missing"}
			}
		},
		{
			"from": [6, 14.25, 2.4],
			"to": [9.75, 15, 6.15],
			"faces": {
				"north": {"uv": [0, 0, 7.5, 1.5], "texture": "#0"},
				"east": {"uv": [0, 0, 7.5, 1.5], "texture": "#0"},
				"south": {"uv": [0, 0, 7.5, 1.5], "texture": "#0"},
				"west": {"uv": [0, 0, 7.5, 1.5], "texture": "#0"},
				"up": {"uv": [0, 0, 7.5, 7.5], "texture": "#0"},
				"down": {"uv": [0, 0, 7.5, 7.5], "texture": "#0"}
			}
		},
		{
			"from": [6.75, 15, 3.15],
			"to": [9, 18.75, 5.4],
			"faces": {
				"north": {"uv": [0, 0, 4.5, 7.5], "texture": "#0"},
				"east": {"uv": [0, 0, 4.5, 7.5], "texture": "#0"},
				"south": {"uv": [0, 0, 4.5, 7.5], "texture": "#0"},
				"west": {"uv": [0, 0, 4.5, 7.5], "texture": "#0"},
				"up": {"uv": [6, 0, 10.5, 4.5], "texture": "#0"},
				"down": {"uv": [6, 0, 10.5, 4.5], "texture": "#0"}
			}
		},
		{
			"from": [9.25, 5.25, 4.75],
			"to": [10.25, 9.25, 10.75],
			"faces": {
				"north": {"uv": [12, 0, 14, 8], "texture": "#2"},
				"east": {"uv": [0, 0, 12, 8], "texture": "#2"},
				"south": {"uv": [12, 0, 14, 8], "texture": "#2"},
				"west": {"uv": [0, 0, 12, 8], "texture": "#2"},
				"up": {"uv": [15, 4, 16, 5], "texture": "#2"},
				"down": {"uv": [14, 4, 16, 16], "texture": "#2"}
			}
		},
		{
			"from": [5.75, 5.25, 4.75],
			"to": [6.75, 9.25, 10.75],
			"faces": {
				"north": {"uv": [12, 0, 14, 8], "texture": "#2"},
				"east": {"uv": [0, 0, 12, 8], "texture": "#2"},
				"south": {"uv": [12, 0, 14, 8], "texture": "#2"},
				"west": {"uv": [0, 0, 12, 8], "texture": "#2"},
				"up": {"uv": [15, 4, 16, 5], "texture": "#2"},
				"down": {"uv": [14, 4, 16, 16], "texture": "#2"}
			}
		},
		{
			"from": [6, 4, 4],
			"to": [10, 9, 11],
			"faces": {
				"north": {"uv": [0, 0, 1, 1], "texture": "#2"},
				"east": {"uv": [0, 0, 1, 1], "texture": "#2"},
				"south": {"uv": [0, 0, 1, 1], "texture": "#2"},
				"west": {"uv": [0, 0, 1, 1], "texture": "#2"},
				"up": {"uv": [0, 0, 1, 1], "texture": "#2"},
				"down": {"uv": [0, 0, 1, 1], "texture": "#2"}
			}
		},
		{
			"from": [8.5, 1.75, 7],
			"to": [9.5, 4, 8],
			"faces": {
				"north": {"uv": [0, 11, 2, 15.5], "texture": "#1"},
				"east": {"uv": [0, 11, 2, 15.5], "texture": "#1"},
				"south": {"uv": [0, 11, 2, 15.5], "texture": "#1"},
				"west": {"uv": [0, 11, 2, 15.5], "texture": "#1"},
				"up": {"uv": [0, 0, 2, 2], "rotation": 90, "texture": "#missing"},
				"down": {"uv": [0, 0, 2, 2], "rotation": 270, "texture": "#missing"}
			}
		},
		{
			"from": [6.5, 1.75, 7],
			"to": [7.5, 4, 8],
			"faces": {
				"north": {"uv": [0, 11, 2, 15.5], "texture": "#1"},
				"east": {"uv": [0, 11, 2, 15.5], "texture": "#1"},
				"south": {"uv": [0, 11, 2, 15.5], "texture": "#1"},
				"west": {"uv": [0, 11, 2, 15.5], "texture": "#1"},
				"up": {"uv": [0, 0, 2, 2], "rotation": 90, "texture": "#missing"},
				"down": {"uv": [0, 0, 2, 2], "rotation": 270, "texture": "#missing"}
			}
		},
		{
			"from": [8.5, 1.525, 6.325],
			"to": [9.5, 1.825, 8.075],
			"rotation": {"angle": 0, "axis": "x", "origin": [8, 2.125, 6]},
			"faces": {
				"north": {"uv": [4, 11, 4.6, 13], "rotation": 270, "texture": "#1"},
				"east": {"uv": [5, 11, 5.6, 14.5], "rotation": 90, "texture": "#1"},
				"south": {"uv": [4, 11, 4.6, 13], "rotation": 270, "texture": "#1"},
				"west": {"uv": [5, 11, 5.6, 14.5], "rotation": 270, "texture": "#1"},
				"up": {"uv": [7, 11, 9, 14.5], "texture": "#1"},
				"down": {"uv": [7, 11, 9, 14.5], "rotation": 180, "texture": "#1"}
			}
		},
		{
			"from": [6.5, 1.525, 6.325],
			"to": [7.5, 1.825, 8.075],
			"rotation": {"angle": 0, "axis": "x", "origin": [8, 2.125, 6]},
			"faces": {
				"north": {"uv": [4, 11, 4.6, 13], "rotation": 270, "texture": "#1"},
				"east": {"uv": [5, 11, 5.6, 14.5], "rotation": 90, "texture": "#1"},
				"south": {"uv": [4, 11, 4.6, 13], "rotation": 270, "texture": "#1"},
				"west": {"uv": [5, 11, 5.6, 14.5], "rotation": 270, "texture": "#1"},
				"up": {"uv": [7, 11, 9, 14.5], "texture": "#1"},
				"down": {"uv": [7, 11, 9, 14.5], "rotation": 180, "texture": "#1"}
			}
		},
		{
			"from": [7.4, -10.8, 6],
			"to": [8.4, -9.8, 11],
			"rotation": {"angle": 0, "axis": "x", "origin": [6, 0, 0]},
			"color": 4,
			"faces": {
				"north": {"uv": [0, 0, 2, 2], "rotation": 180, "texture": "#missing"},
				"east": {"uv": [0, 0, 10, 2], "rotation": 180, "texture": "#missing"},
				"south": {"uv": [0, 0, 2, 2], "rotation": 180, "texture": "#missing"},
				"west": {"uv": [0, 0, 10, 2], "rotation": 180, "texture": "#missing"},
				"up": {"uv": [0, 0, 2, 10], "texture": "#missing"},
				"down": {"uv": [0, 0, 2, 10], "texture": "#missing"}
			}
		},
		{
			"from": [6.9, -10.8, 6],
			"to": [8.9, -9.8, 8],
			"rotation": {"angle": 0, "axis": "x", "origin": [6, 0.5, 4]},
			"color": 4,
			"faces": {
				"north": {"uv": [0, 0, 4, 2], "rotation": 180, "texture": "#missing"},
				"east": {"uv": [0, 0, 4, 2], "rotation": 180, "texture": "#missing"},
				"south": {"uv": [0, 0, 4, 2], "rotation": 180, "texture": "#missing"},
				"west": {"uv": [0, 0, 4, 2], "rotation": 180, "texture": "#missing"},
				"up": {"uv": [0, 0, 4, 4], "texture": "#missing"},
				"down": {"uv": [0, 0, 4, 4], "texture": "#missing"}
			}
		}
	],
	"display": {
		"ground": {
			"translation": [0, 0.25, 0]
		},
		"head": {
			"translation": [0, 12.75, 0]
		},
		"fixed": {
			"rotation": [90, 0, 0],
			"translation": [0, 2.5, 54],
			"scale": [3, 3, 3]
		}
	},
	"groups": [
		{
			"name": "head",
			"origin": [8, 8, 8],
			"children": [0, 1, 2,
				{
					"name": "hat",
					"origin": [8, 8, 8],
					"children": [3, 4]
				}
			]
		},
		{
			"name": "body",
			"origin": [8, 8, 8],
			"children": [5, 6, 7]
		},
		{
			"name": "feet",
			"origin": [8, 8, 8],
			"children": [8, 9, 10, 11]
		},
		{
			"name": "arrow",
			"origin": [8, 8, 8],
			"children": [12, 13]
		}
	]
}