{
	"credit": "Made with Blockbench",
	"texture_size": [64, 64],
	"textures": {
		"0": "./red",
		"particle": "./red"
	},
	"elements": [
		{
			"name": "Head",
			"from": [-4, 24, -4],
			"to": [4, 32, 4],
			"faces": {
				"north": {"uv": [2, 2, 4, 4], "texture": "#0"},
				"east": {"uv": [0, 2, 2, 4], "texture": "#0"},
				"south": {"uv": [6, 2, 8, 4], "texture": "#0"},
				"west": {"uv": [4, 2, 6, 4], "texture": "#0"},
				"up": {"uv": [4, 2, 2, 0], "texture": "#0"},
				"down": {"uv": [6, 0, 4, 2], "texture": "#0"}
			}
		},
		{
			"name": "Hat Layer",
			"from": [-4.5, 23, -4.5],
			"to": [4.5, 32, 4.5],
			"faces": {
				"north": {"uv": [10, 2, 12, 4], "texture": "#0"},
				"east": {"uv": [8, 2, 10, 4], "texture": "#0"},
				"south": {"uv": [14, 2, 16, 4], "texture": "#0"},
				"west": {"uv": [12, 2, 14, 4], "texture": "#0"},
				"up": {"uv": [12, 2, 10, 0], "texture": "#0"},
				"down": {"uv": [14, 0, 12, 2], "texture": "#0"}
			}
		},
		{
			"name": "Body",
			"from": [-4, 12, -2],
			"to": [4, 24, 2],
			"faces": {
				"north": {"uv": [5, 5, 7, 8], "texture": "#0"},
				"east": {"uv": [4, 5, 5, 8], "texture": "#0"},
				"south": {"uv": [8, 5, 10, 8], "texture": "#0"},
				"west": {"uv": [7, 5, 8, 8], "texture": "#0"},
				"up": {"uv": [7, 5, 5, 4], "texture": "#0"},
				"down": {"uv": [9, 4, 7, 5], "texture": "#0"}
			}
		},
		{
			"name": "Body Layer",
			"from": [-4.25, 11.75, -2.25],
			"to": [4.25, 24.25, 2.25],
			"faces": {
				"north": {"uv": [5, 9, 7, 12], "texture": "#0"},
				"east": {"uv": [4, 9, 5, 12], "texture": "#0"},
				"south": {"uv": [8, 9, 10, 12], "texture": "#0"},
				"west": {"uv": [7, 9, 8, 12], "texture": "#0"},
				"up": {"uv": [7, 9, 5, 8], "texture": "#0"},
				"down": {"uv": [9, 8, 7, 9], "texture": "#0"}
			}
		},
		{
			"name": "Right Arm",
			"from": [4, 11.5, -2],
			"to": [7, 23.5, 2],
			"faces": {
				"north": {"uv": [11, 5, 11.75, 8], "texture": "#0"},
				"east": {"uv": [10, 5, 11, 8], "texture": "#0"},
				"south": {"uv": [12.75, 5, 13.5, 8], "texture": "#0"},
				"west": {"uv": [11.75, 5, 12.75, 8], "texture": "#0"},
				"up": {"uv": [11.75, 5, 11, 4], "texture": "#0"},
				"down": {"uv": [12.5, 4, 11.75, 5], "texture": "#0"}
			}
		},
		{
			"name": "Right Arm Layer",
			"from": [3.75, 11.25, -2.25],
			"to": [7.25, 23.75, 2.25],
			"faces": {
				"north": {"uv": [11, 9, 11.75, 12], "texture": "#0"},
				"east": {"uv": [10, 9, 11, 12], "texture": "#0"},
				"south": {"uv": [12.75, 9, 13.5, 12], "texture": "#0"},
				"west": {"uv": [11.75, 9, 12.75, 12], "texture": "#0"},
				"up": {"uv": [11.75, 9, 11, 8], "texture": "#0"},
				"down": {"uv": [12.5, 8, 11.75, 9], "texture": "#0"}
			}
		},
		{
			"name": "Left Arm",
			"from": [-7, 11.5, -2],
			"to": [-4, 23.5, 2],
			"faces": {
				"north": {"uv": [9, 13, 9.75, 16], "texture": "#0"},
				"east": {"uv": [8, 13, 9, 16], "texture": "#0"},
				"south": {"uv": [10.75, 13, 11.5, 16], "texture": "#0"},
				"west": {"uv": [9.75, 13, 10.75, 16], "texture": "#0"},
				"up": {"uv": [9.75, 13, 9, 12], "texture": "#0"},
				"down": {"uv": [10.5, 12, 9.75, 13], "texture": "#0"}
			}
		},
		{
			"name": "Left Arm Layer",
			"from": [-7.25, 11.25, -2.25],
			"to": [-3.75, 23.75, 2.25],
			"faces": {
				"north": {"uv": [13, 13, 13.75, 16], "texture": "#0"},
				"east": {"uv": [12, 13, 13, 16], "texture": "#0"},
				"south": {"uv": [14.75, 13, 15.5, 16], "texture": "#0"},
				"west": {"uv": [13.75, 13, 14.75, 16], "texture": "#0"},
				"up": {"uv": [13.75, 13, 13, 12], "texture": "#0"},
				"down": {"uv": [14.5, 12, 13.75, 13], "texture": "#0"}
			}
		},
		{
			"name": "Right Leg",
			"from": [-0.1, 0, -2],
			"to": [3.9, 12, 2],
			"faces": {
				"north": {"uv": [1, 5, 2, 8], "texture": "#0"},
				"east": {"uv": [0, 5, 1, 8], "texture": "#0"},
				"south": {"uv": [3, 5, 4, 8], "texture": "#0"},
				"west": {"uv": [2, 5, 3, 8], "texture": "#0"},
				"up": {"uv": [2, 5, 1, 4], "texture": "#0"},
				"down": {"uv": [3, 4, 2, 5], "texture": "#0"}
			}
		},
		{
			"name": "Right Leg Layer",
			"from": [-0.35, -0.25, -2.25],
			"to": [4.15, 12.25, 2.25],
			"faces": {
				"north": {"uv": [1, 9, 2, 12], "texture": "#0"},
				"east": {"uv": [0, 9, 1, 12], "texture": "#0"},
				"south": {"uv": [3, 9, 4, 12], "texture": "#0"},
				"west": {"uv": [2, 9, 3, 12], "texture": "#0"},
				"up": {"uv": [2, 9, 1, 8], "texture": "#0"},
				"down": {"uv": [3, 8, 2, 9], "texture": "#0"}
			}
		},
		{
			"name": "Left Leg",
			"from": [-3.9, 0, -2],
			"to": [0.1, 12, 2],
			"faces": {
				"north": {"uv": [5, 13, 6, 16], "texture": "#0"},
				"east": {"uv": [4, 13, 5, 16], "texture": "#0"},
				"south": {"uv": [7, 13, 8, 16], "texture": "#0"},
				"west": {"uv": [6, 13, 7, 16], "texture": "#0"},
				"up": {"uv": [6, 13, 5, 12], "texture": "#0"},
				"down": {"uv": [7, 12, 6, 13], "texture": "#0"}
			}
		},
		{
			"name": "Left Leg Layer",
			"from": [-4.15, -0.25, -2.25],
			"to": [0.35, 12.25, 2.25],
			"faces": {
				"north": {"uv": [1, 13, 2, 16], "texture": "#0"},
				"east": {"uv": [0, 13, 1, 16], "texture": "#0"},
				"south": {"uv": [3, 13, 4, 16], "texture": "#0"},
				"west": {"uv": [2, 13, 3, 16], "texture": "#0"},
				"up": {"uv": [2, 13, 1, 12], "texture": "#0"},
				"down": {"uv": [3, 12, 2, 13], "texture": "#0"}
			}
		}
	],
	"display": {
		"thirdperson_righthand": {
			"translation": [-8.75, -3, 3.5],
			"scale": [0.45508, 0.45508, 0.45508]
		},
		"thirdperson_lefthand": {
			"translation": [-16, -3, 3.5],
			"scale": [0.45508, 0.45508, 0.45508]
		},
		"firstperson_righthand": {
			"rotation": [0, -180, 0],
			"translation": [-17.75, -7.25, -12]
		},
		"firstperson_lefthand": {
			"rotation": [-9, -214.5, 5.5],
			"translation": [7.75, -3.25, 0],
			"scale": [0.50977, 0.50977, 0.50977]
		},
		"ground": {
			"rotation": [-91.5, 0, 0],
			"translation": [11.75, 15.75, 11.25],
			"scale": [1.73633, 1.73633, 1.73633]
		},
		"gui": {
			"rotation": [-22.75, 144.5, 36.5],
			"translation": [-1.75, -3, 0],
			"scale": [0.55273, 0.55273, 0.55273]
		},
		"head": {
			"translation": [31, -13.5, 30.75],
			"scale": [4, 4, 4]
		},
		"fixed": {
			"rotation": [-90, 0, 0],
			"translation": [15.75, 15.5, -15.75],
			"scale": [1.95508, 1.95508, 1.95508]
		}
	},
	"groups": [
		{
			"name": "Head",
			"origin": [0, 24, 0],
			"children": [0, 1]
		},
		{
			"name": "Body",
			"origin": [0, 24, 0],
			"children": [2, 3]
		},
		{
			"name": "RightArm",
			"origin": [5, 21.5, 0],
			"children": [4, 5]
		},
		{
			"name": "LeftArm",
			"origin": [-5, 21.5, 0],
			"children": [6, 7]
		},
		{
			"name": "RightLeg",
			"origin": [1.9, 12, 0],
			"children": [8, 9]
		},
		{
			"name": "LeftLeg",
			"origin": [-1.9, 12, 0],
			"children": [10, 11]
		}
	]
}