{
	"credit": "Made with Blockbench",
	"texture_size": [24, 24],
	"textures": {
		"0": "./tophat",
		"particle": "./tophat"
	},
	"elements": [
		{
			"from": [2, 1, 2],
			"to": [14, 2, 14],
			"faces": {
				"north": {"uv": [0, 10.66667, 8, 11.33333], "texture": "#0"},
				"east": {"uv": [0, 10.66667, 8, 11.33333], "texture": "#0"},
				"south": {"uv": [0, 10.66667, 8, 11.33333], "texture": "#0"},
				"west": {"uv": [0, 10.66667, 8, 11.33333], "texture": "#0"},
				"up": {"uv": [8, 8, 16, 16], "texture": "#0"},
				"down": {"uv": [8, 8, 16, 16], "texture": "#0"}
			}
		},
		{
			"from": [4, 2, 4],
			"to": [12, 11, 12],
			"faces": {
				"north": {"uv": [0, 0, 5.33333, 6], "texture": "#0"},
				"east": {"uv": [0, 0, 5.33333, 6], "texture": "#0"},
				"south": {"uv": [0, 0, 5.33333, 6], "texture": "#0"},
				"west": {"uv": [0, 0, 5.33333, 6], "texture": "#0"},
				"up": {"uv": [5.33333, 0, 10.66667, 5.33333], "texture": "#0"},
				"down": {"uv": [0, 0, 5.33333, 5.33333], "texture": "#missing"}
			}
		}
	],
	"display": {
		"thirdperson_righthand": {
			"scale": [0.6, 0.6, 0.6]
		},
		"thirdperson_lefthand": {
			"scale": [0.6, 0.6, 0.6]
		},
		"firstperson_righthand": {
			"translation": [0, 2.5, 0],
			"scale": [0.74609, 0.74609, 0.74609]
		},
		"firstperson_lefthand": {
			"translation": [0, 2.5, 0],
			"scale": [0.74609, 0.74609, 0.74609]
		},
		"gui": {
			"rotation": [21, -32, 0],
			"translation": [0, 1.25, 0],
			"scale": [0.89258, 0.89258, 0.89258]
		},
		"head": {
			"translation": [0, 14.25, 0],
			"scale": [1.63477, 1.63477, 1.63477]
		}
	}
}