{"credit":"Made with Blockbench","textures":{"0":"./cardinal","particle":"./cardinal"},"elements":[{"from":[7.5,-7.33333,7.5],"to":[8.5,16.66667,8.5],"rotation":{"angle":0,"axis":"y","origin":[15.5,8.16667,15.5]},"faces":{"north":{"uv":[6.5,0,7,12],"texture":"#0"},"east":{"uv":[6,0,6.5,12],"texture":"#0"},"south":{"uv":[7.5,0,8,12],"texture":"#0"},"west":{"uv":[7,0,7.5,12],"texture":"#0"},"up":{"uv":[5,0,5.5,0.5],"texture":"#0"},"down":{"uv":[5.5,0,6,0.5],"texture":"#0"}}},{"from":[7,19,5],"to":[9,21,7],"rotation":{"angle":0,"axis":"y","origin":[0,1,1]},"faces":{"north":{"uv":[1,2,2,3],"texture":"#0"},"east":{"uv":[0,2,1,3],"texture":"#0"},"south":{"uv":[3,2,4,3],"texture":"#0"},"west":{"uv":[2,2,3,3],"texture":"#0"},"up":{"uv":[1,1,2,2],"rotation":180,"texture":"#0"},"down":{"uv":[2,1,3,2],"rotation":180,"texture":"#0"}}},{"from":[7.1,17,6.5],"to":[8.9,19,10.5],"rotation":{"angle":22.5,"axis":"x","origin":[8,19,8]},"faces":{"north":{"uv":[2,4,3,5],"rotation":180,"texture":"#0"},"east":{"uv":[0,4,2,5],"texture":"#0"},"south":{"uv":[5,4,6,5],"texture":"#0"},"west":{"uv":[3,4,5,5],"texture":"#0"},"up":{"uv":[1,3,3,4],"rotation":90,"texture":"#0"},"down":{"uv":[3,3,5,4],"rotation":90,"texture":"#0"}}},{"from":[7.5,16.7791,10.95919],"to":[8.5,16.7791,12.95919],"rotation":{"angle":-22.5,"axis":"x","origin":[9.45,15.7791,7.45919]},"faces":{"north":{"uv":[15,0,15.5,0.5],"rotation":180,"texture":"#0"},"east":{"uv":[15.5,0,16,0.5],"rotation":90,"texture":"#0"},"south":{"uv":[15.5,0,16,0.5],"texture":"#0"},"west":{"uv":[15.5,0,16,0.5],"rotation":270,"texture":"#0"},"up":{"uv":[15.5,0,16,0.5],"texture":"#0"},"down":{"uv":[15.5,0,16,0.5],"rotation":180,"texture":"#0"}}},{"from":[7,16,6],"to":[7,20,12],"rotation":{"angle":0,"axis":"y","origin":[0,2,1]},"faces":{"east":{"uv":[11,0.5,8,2.5],"texture":"#0"},"west":{"uv":[8,0.5,11,2.5],"texture":"#0"}}},{"from":[9,16,6],"to":[9,20,12],"rotation":{"angle":0,"axis":"y","origin":[0,2,1]},"faces":{"east":{"uv":[11,0.5,14,2.5],"texture":"#0"},"west":{"uv":[14,0.5,11,2.5],"texture":"#0"}}},{"from":[7.5,19.29289,4.75],"to":[8.5,20.29289,5.75],"rotation":{"angle":45,"axis":"x","origin":[7.5,19.79289,5.25]},"faces":{"north":{"uv":[3.5,1.5,4,2],"texture":"#0"},"east":{"uv":[3,1.5,3.5,2],"texture":"#0"},"south":{"uv":[4.5,1.5,5,2],"texture":"#0"},"west":{"uv":[4,1.5,4.5,2],"texture":"#0"},"up":{"uv":[3.5,1,4,1.5],"texture":"#0"},"down":{"uv":[4,1,4.5,1.5],"rotation":180,"texture":"#0"}}},{"from":[8,21,5],"to":[8,23,7],"rotation":{"angle":0,"axis":"y","origin":[0,0.5,1.25]},"faces":{"east":{"uv":[1,0,2,1],"texture":"#0"},"west":{"uv":[0,0,1,1],"texture":"#0"}}}],"display":{"thirdperson_righthand":{"translation":[0,1.75,1.5]},"thirdperson_lefthand":{"translation":[0,1.75,1.5]},"firstperson_righthand":{"rotation":[0,103,0],"translation":[1.75,-1.75,0]},"firstperson_lefthand":{"rotation":[0,103,0],"translation":[1.75,-1.75,0]},"ground":{"rotation":[82,0,0]},"gui":{"rotation":[-122.5,41,-158],"translation":[-0.25,0,0],"scale":[1.42,1.42,1.42]},"fixed":{"rotation":[0,0,45],"scale":[0.85,0.85,0.85]}}}
