{
	"credit": "Made with Blockbench",
	"texture_size": [24, 16],
	"textures": {
		"0": "./guardhat",
		"particle": "./guardhat"
	},
	"elements": [
		{
			"from": [3, 5, 3],
			"to": [13, 21, 13],
			"faces": {
				"north": {"uv": [0, 0, 6.66667, 16], "texture": "#0"},
				"east": {"uv": [0, 0, 6.66667, 16], "texture": "#0"},
				"south": {"uv": [0, 0, 6.66667, 16], "texture": "#0"},
				"west": {"uv": [0, 0, 6.66667, 16], "texture": "#0"},
				"up": {"uv": [6.66667, 0, 13.33333, 10], "texture": "#0"},
				"down": {"uv": [6.66667, 0, 13.33333, 10], "texture": "#0"}
			}
		},
		{
			"from": [11.75, 1, 7.5],
			"to": [12.75, 6, 8.5],
			"faces": {
				"north": {"uv": [15.33333, 0, 16, 5], "texture": "#0"},
				"east": {"uv": [14, 0, 14.66667, 5], "texture": "#0"},
				"south": {"uv": [15.33333, 0, 16, 5], "texture": "#0"},
				"west": {"uv": [14, 0, 14.66667, 5], "texture": "#0"},
				"up": {"uv": [0, 0, 0.66667, 1], "texture": "#missing"},
				"down": {"uv": [14, 3, 14.66667, 4], "texture": "#0"}
			}
		},
		{
			"from": [3.25, 1, 7.5],
			"to": [4.25, 6, 8.5],
			"faces": {
				"north": {"uv": [15.33333, 0, 16, 5], "texture": "#0"},
				"east": {"uv": [14, 0, 14.66667, 5], "texture": "#0"},
				"south": {"uv": [15.33333, 0, 16, 5], "texture": "#0"},
				"west": {"uv": [14, 0, 14.66667, 5], "texture": "#0"},
				"up": {"uv": [0, 0, 0.66667, 1], "texture": "#missing"},
				"down": {"uv": [14, 3, 14.66667, 4], "texture": "#0"}
			}
		},
		{
			"from": [4.25, 1, 7.5],
			"to": [11.75, 1.5, 8.5],
			"faces": {
				"north": {"uv": [6.66667, 10, 11.66667, 10.5], "texture": "#0"},
				"east": {"uv": [0, 0, 0.66667, 0.5], "texture": "#missing"},
				"south": {"uv": [6.66667, 10, 11.66667, 10.5], "texture": "#0"},
				"west": {"uv": [0, 0, 0.66667, 0.5], "texture": "#missing"},
				"up": {"uv": [6.66667, 10, 11.66667, 11], "texture": "#0"},
				"down": {"uv": [6.66667, 10, 11.66667, 11], "texture": "#0"}
			}
		},
		{
			"from": [11.75, 2, 7.5],
			"to": [12.75, 2, 8.5],
			"color": 0,
			"faces": {
				"north": {"uv": [0, 0, 0.66667, 0], "texture": "#missing"},
				"east": {"uv": [0, 0, 0.66667, 0], "texture": "#missing"},
				"south": {"uv": [0, 0, 0.66667, 0], "texture": "#missing"},
				"west": {"uv": [0, 0, 0.66667, 0], "texture": "#missing"},
				"up": {"uv": [0, 0, 0.66667, 1], "texture": "#missing"},
				"down": {"uv": [0, 0, 0.66667, 1], "texture": "#missing"}
			}
		}
	],
	"display": {
		"gui": {
			"rotation": [41.25, -46, 0],
			"translation": [0, -0.5, 0],
			"scale": [0.71484, 0.71484, 0.71484]
		},
		"head": {
			"translation": [0, 4, 0],
			"scale": [1.51563, 1.51563, 1.51563]
		}
	}
}