{
	"credit": "Made with Blockbench",
	"textures": {
		"0": "./1",
		"1": "./2",
		"3": "./3",
		"4": "./4",
		"5": "./5",
		"6": "./6",
		"7": "./7",
		"8": "./8",
		"9": "./9",
		"particle": "./1"
	},
	"elements": [
		{
			"from": [4, 2, 5],
			"to": [11, 4, 12],
			"faces": {
				"north": {"uv": [7, 0, 14, 2], "texture": "#0"},
				"east": {"uv": [7, 2, 14, 4], "texture": "#0"},
				"south": {"uv": [7, 4, 14, 6], "texture": "#0"},
				"west": {"uv": [7, 6, 14, 8], "texture": "#0"},
				"up": {"uv": [7, 7, 0, 0], "texture": "#0"},
				"down": {"uv": [7, 7, 0, 14], "texture": "#0"}
			}
		},
		{
			"from": [4, 1, 4],
			"to": [11, 2, 5],
			"faces": {
				"north": {"uv": [0, 0, 7, 1], "texture": "#7"},
				"east": {"uv": [0, 0, 1, 1], "texture": "#7"},
				"south": {"uv": [0, 0, 7, 1], "texture": "#missing"},
				"west": {"uv": [0, 0, 1, 1], "texture": "#7"},
				"up": {"uv": [0, 0, 7, 1], "texture": "#7"},
				"down": {"uv": [0, 0, 7, 1], "texture": "#missing"}
			}
		},
		{
			"from": [6, 1, 13],
			"to": [7, 2, 14],
			"faces": {
				"north": {"uv": [0, 0, 1, 1], "texture": "#7"},
				"east": {"uv": [0, 0, 1, 1], "texture": "#7"},
				"south": {"uv": [0, 0, 1, 1], "texture": "#7"},
				"west": {"uv": [0, 0, 1, 1], "texture": "#7"},
				"up": {"uv": [0, 0, 1, 1], "texture": "#7"},
				"down": {"uv": [0, 0, 1, 1], "texture": "#missing"}
			}
		},
		{
			"from": [5, 1, 14],
			"to": [6, 2, 15],
			"faces": {
				"north": {"uv": [0, 0, 1, 1], "texture": "#7"},
				"east": {"uv": [0, 0, 1, 1], "texture": "#7"},
				"south": {"uv": [0, 0, 1, 1], "texture": "#7"},
				"west": {"uv": [0, 0, 1, 1], "texture": "#7"},
				"up": {"uv": [0, 0, 1, 1], "texture": "#7"},
				"down": {"uv": [0, 0, 1, 1], "texture": "#missing"}
			}
		},
		{
			"from": [8, 1, 13],
			"to": [9, 2, 14],
			"faces": {
				"north": {"uv": [0, 0, 1, 1], "texture": "#7"},
				"east": {"uv": [0, 0, 1, 1], "texture": "#7"},
				"south": {"uv": [0, 0, 1, 1], "texture": "#7"},
				"west": {"uv": [0, 0, 1, 1], "texture": "#7"},
				"up": {"uv": [0, 0, 1, 1], "texture": "#7"},
				"down": {"uv": [0, 0, 1, 1], "texture": "#missing"}
			}
		},
		{
			"from": [9, 1, 14],
			"to": [10, 2, 15],
			"faces": {
				"north": {"uv": [0, 0, 1, 1], "texture": "#7"},
				"east": {"uv": [0, 0, 1, 1], "texture": "#7"},
				"south": {"uv": [0, 0, 1, 1], "texture": "#7"},
				"west": {"uv": [0, 0, 1, 1], "texture": "#7"},
				"up": {"uv": [0, 0, 1, 1], "texture": "#7"},
				"down": {"uv": [0, 0, 1, 1], "texture": "#missing"}
			}
		},
		{
			"from": [4, 1, 12],
			"to": [11, 2, 13],
			"faces": {
				"north": {"uv": [0, 0, 7, 1], "texture": "#7"},
				"east": {"uv": [0, 4, 1, 5], "texture": "#7"},
				"south": {"uv": [0, 1, 7, 2], "texture": "#7"},
				"west": {"uv": [1, 4, 2, 5], "texture": "#7"},
				"up": {"uv": [7, 3, 0, 2], "texture": "#7"},
				"down": {"uv": [7, 3, 0, 4], "texture": "#7"}
			}
		},
		{
			"from": [3, 1, 5],
			"to": [4, 2, 12],
			"faces": {
				"north": {"uv": [0, 0, 1, 1], "texture": "#7"},
				"east": {"uv": [0, 0, 7, 1], "texture": "#missing"},
				"south": {"uv": [0, 0, 1, 1], "texture": "#7"},
				"west": {"uv": [0, 0, 7, 1], "texture": "#7"},
				"up": {"uv": [0, 0, 1, 7], "texture": "#7"},
				"down": {"uv": [0, 0, 1, 7], "texture": "#missing"}
			}
		},
		{
			"from": [11, 1, 5],
			"to": [12, 2, 12],
			"faces": {
				"north": {"uv": [0, 0, 1, 1], "texture": "#7"},
				"east": {"uv": [0, 0, 7, 1], "texture": "#7"},
				"south": {"uv": [0, 0, 1, 1], "texture": "#7"},
				"west": {"uv": [0, 0, 7, 1], "texture": "#missing"},
				"up": {"uv": [0, 0, 1, 7], "texture": "#7"},
				"down": {"uv": [0, 0, 1, 7], "texture": "#missing"}
			}
		},
		{
			"from": [7, 0, -3],
			"to": [8, 1, -2],
			"faces": {
				"north": {"uv": [0, 0, 1, 1], "texture": "#9"},
				"east": {"uv": [0, 0, 1, 1], "texture": "#9"},
				"south": {"uv": [0, 0, 1, 1], "texture": "#missing"},
				"west": {"uv": [0, 0, 1, 1], "texture": "#9"},
				"up": {"uv": [0, 0, 1, 1], "texture": "#9"},
				"down": {"uv": [0, 0, 1, 1], "texture": "#9"}
			}
		},
		{
			"from": [7, 0, 19],
			"to": [8, 1, 20],
			"faces": {
				"north": {"uv": [0, 0, 1, 1], "texture": "#missing"},
				"east": {"uv": [0, 0, 1, 1], "texture": "#9"},
				"south": {"uv": [0, 0, 1, 1], "texture": "#9"},
				"west": {"uv": [0, 0, 1, 1], "texture": "#9"},
				"up": {"uv": [0, 0, 1, 1], "texture": "#9"},
				"down": {"uv": [0, 0, 1, 1], "texture": "#9"}
			}
		},
		{
			"from": [6, 0, -2],
			"to": [9, 1, 1],
			"faces": {
				"north": {"uv": [0, 0, 3, 1], "texture": "#9"},
				"east": {"uv": [0, 0, 3, 1], "texture": "#3"},
				"south": {"uv": [0, 0, 3, 1], "texture": "#missing"},
				"west": {"uv": [0, 0, 3, 1], "texture": "#3"},
				"up": {"uv": [0, 0, 3, 3], "texture": "#4"},
				"down": {"uv": [0, 0, 3, 3], "texture": "#4"}
			}
		},
		{
			"from": [6, 0, 16],
			"to": [9, 1, 19],
			"faces": {
				"north": {"uv": [3, 0, 6, 1], "texture": "#4"},
				"east": {"uv": [3, 1, 6, 2], "texture": "#4"},
				"south": {"uv": [3, 2, 6, 3], "texture": "#4"},
				"west": {"uv": [3, 3, 6, 4], "texture": "#4"},
				"up": {"uv": [3, 3, 0, 0], "texture": "#4"},
				"down": {"uv": [3, 3, 0, 6], "texture": "#4"}
			}
		},
		{
			"from": [5, 0, 1],
			"to": [10, 1, 6],
			"faces": {
				"north": {"uv": [0, 0, 5, 1], "texture": "#1"},
				"east": {"uv": [0, 0, 5, 1], "texture": "#1"},
				"south": {"uv": [0, 0, 5, 1], "texture": "#1"},
				"west": {"uv": [0, 0, 5, 1], "texture": "#1"},
				"up": {"uv": [0, 0, 5, 5], "texture": "#1"},
				"down": {"uv": [0, 0, 5, 5], "texture": "#1"}
			}
		},
		{
			"from": [5, 0, 10],
			"to": [10, 1, 16],
			"faces": {
				"north": {"uv": [5, 0, 10, 1], "texture": "#1"},
				"east": {"uv": [5, 2, 8, 3], "texture": "#1"},
				"south": {"uv": [5, 1, 10, 2], "texture": "#1"},
				"west": {"uv": [5, 3, 8, 4], "texture": "#1"},
				"up": {"uv": [5, 3, 0, 0], "texture": "#1"},
				"down": {"uv": [5, 3, 0, 6], "texture": "#1"}
			}
		},
		{
			"from": [0, 0, 6],
			"to": [5, 1, 11],
			"faces": {
				"north": {"uv": [0, 0, 5, 1], "texture": "#1"},
				"east": {"uv": [0, 0, 5, 1], "texture": "#1"},
				"south": {"uv": [0, 0, 5, 1], "texture": "#1"},
				"west": {"uv": [0, 0, 5, 1], "texture": "#1"},
				"up": {"uv": [0, 0, 5, 5], "rotation": 270, "texture": "#1"},
				"down": {"uv": [0, 0, 5, 5], "rotation": 90, "texture": "#1"}
			}
		},
		{
			"from": [-3, 0, 7],
			"to": [0, 1, 10],
			"faces": {
				"north": {"uv": [3, 0, 6, 1], "texture": "#3"},
				"east": {"uv": [3, 1, 6, 2], "texture": "#3"},
				"south": {"uv": [3, 2, 6, 3], "texture": "#3"},
				"west": {"uv": [3, 3, 6, 4], "texture": "#3"},
				"up": {"uv": [3, 3, 0, 0], "texture": "#3"},
				"down": {"uv": [3, 3, 0, 6], "texture": "#3"}
			}
		},
		{
			"from": [15, 0, 7],
			"to": [18, 1, 10],
			"faces": {
				"north": {"uv": [3, 0, 6, 1], "texture": "#3"},
				"east": {"uv": [3, 1, 6, 2], "texture": "#3"},
				"south": {"uv": [3, 2, 6, 3], "texture": "#3"},
				"west": {"uv": [3, 3, 6, 4], "texture": "#missing"},
				"up": {"uv": [3, 3, 0, 0], "texture": "#3"},
				"down": {"uv": [3, 3, 0, 6], "texture": "#3"}
			}
		},
		{
			"from": [10, 0, 6],
			"to": [15, 1, 11],
			"faces": {
				"north": {"uv": [0, 0, 5, 1], "texture": "#1"},
				"east": {"uv": [0, 0, 5, 1], "texture": "#1"},
				"south": {"uv": [0, 0, 5, 1], "texture": "#1"},
				"west": {"uv": [0, 0, 5, 1], "texture": "#1"},
				"up": {"uv": [0, 0, 5, 5], "rotation": 270, "texture": "#1"},
				"down": {"uv": [0, 0, 5, 5], "rotation": 90, "texture": "#1"}
			}
		},
		{
			"from": [-4, 0, 8],
			"to": [-3, 1, 9],
			"faces": {
				"north": {"uv": [0, 0, 1, 1], "texture": "#9"},
				"east": {"uv": [0, 0, 1, 1], "texture": "#missing"},
				"south": {"uv": [0, 0, 1, 1], "texture": "#9"},
				"west": {"uv": [0, 0, 1, 1], "texture": "#9"},
				"up": {"uv": [0, 0, 1, 1], "texture": "#9"},
				"down": {"uv": [0, 0, 1, 1], "texture": "#9"}
			}
		},
		{
			"from": [18, 0, 8],
			"to": [19, 1, 9],
			"faces": {
				"north": {"uv": [0, 0, 1, 1], "texture": "#9"},
				"east": {"uv": [0, 0, 1, 1], "texture": "#9"},
				"south": {"uv": [0, 0, 1, 1], "texture": "#9"},
				"west": {"uv": [0, 0, 1, 1], "texture": "#missing"},
				"up": {"uv": [0, 0, 1, 1], "texture": "#9"},
				"down": {"uv": [0, 0, 1, 1], "texture": "#9"}
			}
		},
		{
			"from": [10, 0, 2],
			"to": [12, 1, 5],
			"faces": {
				"north": {"uv": [0, 0, 2, 1], "texture": "#6"},
				"east": {"uv": [0, 0, 3, 1], "texture": "#missing"},
				"south": {"uv": [0, 0, 2, 1], "texture": "#6"},
				"west": {"uv": [0, 0, 3, 1], "texture": "#6"},
				"up": {"uv": [0, 0, 2, 3], "texture": "#6"},
				"down": {"uv": [0, 0, 2, 3], "texture": "#6"}
			}
		},
		{
			"from": [3, 0, 2],
			"to": [5, 1, 5],
			"faces": {
				"north": {"uv": [0, 0, 2, 1], "texture": "#6"},
				"east": {"uv": [0, 0, 3, 1], "texture": "#6"},
				"south": {"uv": [0, 0, 2, 1], "texture": "#6"},
				"west": {"uv": [0, 0, 3, 1], "texture": "#missing"},
				"up": {"uv": [0, 0, 2, 3], "texture": "#6"},
				"down": {"uv": [0, 0, 2, 3], "texture": "#6"}
			}
		},
		{
			"from": [3, 0, 12],
			"to": [5, 1, 15],
			"faces": {
				"north": {"uv": [0, 0, 2, 1], "texture": "#6"},
				"east": {"uv": [0, 0, 3, 1], "texture": "#6"},
				"south": {"uv": [0, 0, 2, 1], "texture": "#6"},
				"west": {"uv": [0, 0, 3, 1], "texture": "#missing"},
				"up": {"uv": [0, 0, 2, 3], "texture": "#6"},
				"down": {"uv": [0, 0, 2, 3], "texture": "#6"}
			}
		},
		{
			"from": [10, 0, 12],
			"to": [12, 1, 15],
			"faces": {
				"north": {"uv": [0, 4, 2, 5], "texture": "#6"},
				"east": {"uv": [0, 3, 3, 4], "texture": "#6"},
				"south": {"uv": [4, 0, 6, 1], "texture": "#6"},
				"west": {"uv": [3, 3, 6, 4], "texture": "#6"},
				"up": {"uv": [2, 3, 0, 0], "texture": "#6"},
				"down": {"uv": [4, 0, 2, 3], "texture": "#6"}
			}
		},
		{
			"from": [12, 0, 4],
			"to": [14, 1, 6],
			"faces": {
				"north": {"uv": [0, 0, 2, 1], "texture": "#missing"},
				"east": {"uv": [0, 0, 2, 1], "texture": "#6"},
				"south": {"uv": [0, 0, 2, 1], "texture": "#missing"},
				"west": {"uv": [0, 0, 2, 1], "texture": "#6"},
				"up": {"uv": [0, 0, 2, 2], "texture": "#5"},
				"down": {"uv": [0, 0, 2, 2], "texture": "#6"}
			}
		},
		{
			"from": [1, 0, 4],
			"to": [3, 1, 6],
			"faces": {
				"north": {"uv": [0, 0, 2, 1], "texture": "#missing"},
				"east": {"uv": [0, 0, 2, 1], "texture": "#5"},
				"south": {"uv": [0, 0, 2, 1], "texture": "#missing"},
				"west": {"uv": [0, 0, 2, 1], "texture": "#6"},
				"up": {"uv": [0, 0, 2, 2], "texture": "#5"},
				"down": {"uv": [0, 0, 2, 2], "texture": "#6"}
			}
		},
		{
			"from": [1, 0, 11],
			"to": [3, 1, 13],
			"faces": {
				"north": {"uv": [0, 0, 2, 1], "texture": "#missing"},
				"east": {"uv": [0, 0, 2, 1], "texture": "#6"},
				"south": {"uv": [0, 0, 2, 1], "texture": "#missing"},
				"west": {"uv": [0, 0, 2, 1], "texture": "#6"},
				"up": {"uv": [0, 0, 2, 2], "texture": "#5"},
				"down": {"uv": [0, 0, 2, 2], "texture": "#6"}
			}
		},
		{
			"from": [12, 0, 11],
			"to": [14, 1, 13],
			"faces": {
				"north": {"uv": [2, 0, 4, 1], "texture": "#5"},
				"east": {"uv": [2, 1, 4, 2], "texture": "#5"},
				"south": {"uv": [2, 2, 4, 3], "texture": "#5"},
				"west": {"uv": [2, 3, 4, 4], "texture": "#5"},
				"up": {"uv": [2, 2, 0, 0], "texture": "#5"},
				"down": {"uv": [2, 2, 0, 4], "texture": "#5"}
			}
		},
		{
			"from": [12, 0, 1],
			"to": [15, 1, 4],
			"faces": {
				"north": {"uv": [3, 0, 6, 1], "texture": "#8"},
				"east": {"uv": [3, 1, 6, 2], "texture": "#8"},
				"south": {"uv": [3, 2, 6, 3], "texture": "#8"},
				"west": {"uv": [3, 3, 6, 4], "texture": "#8"},
				"up": {"uv": [3, 3, 0, 0], "texture": "#8"},
				"down": {"uv": [3, 3, 0, 6], "texture": "#8"}
			}
		},
		{
			"from": [0, 0, 1],
			"to": [3, 1, 4],
			"faces": {
				"north": {"uv": [0, 0, 3, 1], "texture": "#8"},
				"east": {"uv": [0, 0, 3, 1], "texture": "#8"},
				"south": {"uv": [0, 0, 3, 1], "texture": "#8"},
				"west": {"uv": [0, 0, 3, 1], "texture": "#8"},
				"up": {"uv": [0, 0, 3, 3], "texture": "#8"},
				"down": {"uv": [0, 0, 3, 3], "texture": "#8"}
			}
		},
		{
			"from": [0, 0, 13],
			"to": [3, 1, 16],
			"faces": {
				"north": {"uv": [0, 0, 3, 1], "texture": "#8"},
				"east": {"uv": [0, 0, 3, 1], "texture": "#8"},
				"south": {"uv": [0, 0, 3, 1], "texture": "#8"},
				"west": {"uv": [0, 0, 3, 1], "texture": "#8"},
				"up": {"uv": [0, 0, 3, 3], "texture": "#8"},
				"down": {"uv": [0, 0, 3, 3], "texture": "#9"}
			}
		},
		{
			"from": [12, 0, 13],
			"to": [15, 1, 16],
			"faces": {
				"north": {"uv": [0, 0, 3, 1], "texture": "#8"},
				"east": {"uv": [0, 0, 3, 1], "texture": "#8"},
				"south": {"uv": [0, 0, 3, 1], "texture": "#8"},
				"west": {"uv": [0, 0, 3, 1], "texture": "#8"},
				"up": {"uv": [0, 0, 3, 3], "texture": "#8"},
				"down": {"uv": [0, 0, 3, 3], "texture": "#8"}
			}
		},
		{
			"from": [15, 0, 0],
			"to": [16, 1, 2],
			"faces": {
				"north": {"uv": [0, 0, 1, 1], "texture": "#9"},
				"east": {"uv": [0, 0, 2, 1], "texture": "#9"},
				"south": {"uv": [0, 0, 1, 1], "texture": "#9"},
				"west": {"uv": [0, 0, 2, 1], "texture": "#missing"},
				"up": {"uv": [0, 0, 1, 2], "texture": "#9"},
				"down": {"uv": [0, 0, 1, 2], "texture": "#9"}
			}
		},
		{
			"from": [-1, 0, 0],
			"to": [0, 1, 2],
			"faces": {
				"north": {"uv": [0, 0, 1, 1], "texture": "#9"},
				"east": {"uv": [0, 0, 2, 1], "texture": "#missing"},
				"south": {"uv": [0, 0, 1, 1], "texture": "#9"},
				"west": {"uv": [0, 0, 2, 1], "texture": "#9"},
				"up": {"uv": [0, 0, 1, 2], "texture": "#9"},
				"down": {"uv": [0, 0, 1, 2], "texture": "#9"}
			}
		},
		{
			"from": [-1, 0, 15],
			"to": [0, 1, 17],
			"faces": {
				"north": {"uv": [0, 0, 1, 1], "texture": "#9"},
				"east": {"uv": [0, 0, 2, 1], "texture": "#missing"},
				"south": {"uv": [0, 0, 1, 1], "texture": "#9"},
				"west": {"uv": [0, 0, 2, 1], "texture": "#9"},
				"up": {"uv": [0, 0, 1, 2], "texture": "#9"},
				"down": {"uv": [0, 0, 1, 2], "texture": "#9"}
			}
		},
		{
			"from": [15, 0, 15],
			"to": [16, 1, 17],
			"faces": {
				"north": {"uv": [1, 2, 2, 3], "texture": "#9"},
				"east": {"uv": [0, 0, 2, 1], "texture": "#9"},
				"south": {"uv": [2, 2, 3, 3], "texture": "#9"},
				"west": {"uv": [0, 1, 2, 2], "texture": "#9"},
				"up": {"uv": [1, 4, 0, 2], "texture": "#9"},
				"down": {"uv": [3, 0, 2, 2], "texture": "#9"}
			}
		},
		{
			"from": [14, 0, 0],
			"to": [15, 1, 1],
			"faces": {
				"north": {"uv": [0, 0, 1, 1], "texture": "#9"},
				"east": {"uv": [0, 0, 1, 1], "texture": "#missing"},
				"south": {"uv": [0, 0, 1, 1], "texture": "#missing"},
				"west": {"uv": [0, 0, 1, 1], "texture": "#9"},
				"up": {"uv": [0, 0, 1, 1], "texture": "#9"},
				"down": {"uv": [0, 0, 1, 1], "texture": "#9"}
			}
		},
		{
			"from": [0, 0, 0],
			"to": [1, 1, 1],
			"faces": {
				"north": {"uv": [0, 0, 1, 1], "texture": "#9"},
				"east": {"uv": [0, 0, 1, 1], "texture": "#9"},
				"south": {"uv": [0, 0, 1, 1], "texture": "#missing"},
				"west": {"uv": [0, 0, 1, 1], "texture": "#missing"},
				"up": {"uv": [0, 0, 1, 1], "texture": "#9"},
				"down": {"uv": [0, 0, 1, 1], "texture": "#9"}
			}
		},
		{
			"from": [0, 0, 16],
			"to": [1, 1, 17],
			"faces": {
				"north": {"uv": [0, 0, 1, 1], "texture": "#missing"},
				"east": {"uv": [0, 0, 1, 1], "texture": "#9"},
				"south": {"uv": [0, 0, 1, 1], "texture": "#9"},
				"west": {"uv": [0, 0, 1, 1], "texture": "#missing"},
				"up": {"uv": [0, 0, 1, 1], "texture": "#9"},
				"down": {"uv": [0, 0, 1, 1], "texture": "#9"}
			}
		},
		{
			"from": [14, 0, 16],
			"to": [15, 1, 17],
			"faces": {
				"north": {"uv": [0, 0, 1, 1], "texture": "#missing"},
				"east": {"uv": [0, 0, 1, 1], "texture": "#missing"},
				"south": {"uv": [0, 0, 1, 1], "texture": "#9"},
				"west": {"uv": [0, 0, 1, 1], "texture": "#8"},
				"up": {"uv": [0, 0, 1, 1], "texture": "#9"},
				"down": {"uv": [0, 0, 1, 1], "texture": "#9"}
			}
		}
	],
	"display": {
		"thirdperson_righthand": {
			"translation": [-0.25, 4.5, 1.25],
			"scale": [0.35547, 0.35547, 0.35547]
		},
		"thirdperson_lefthand": {
			"translation": [-0.25, 3.5, 1.25],
			"scale": [0.35547, 0.35547, 0.35547]
		},
		"firstperson_righthand": {
			"rotation": [1.25, 0, 0],
			"translation": [0, 5.75, 1.75],
			"scale": [0.61133, 0.61133, 0.61133]
		},
		"firstperson_lefthand": {
			"translation": [0, 7.25, 0.75],
			"scale": [0.87305, 0.87305, 0.87305]
		},
		"ground": {
			"translation": [0, 8.25, 0]
		},
		"gui": {
			"rotation": [36, -31, 0],
			"translation": [0.5, 4.5, 0],
			"scale": [0.91211, 0.91211, 0.91211]
		},
		"head": {
			"rotation": [6.02, 0, 0],
			"translation": [0.75, 18.5, 0.5],
			"scale": [1.75781, 1.75781, 1.75781]
		},
		"fixed": {
			"rotation": [-90.5, 0, 0],
			"translation": [0, 0, -15],
			"scale": [1.98828, 1.98828, 1.98828]
		}
	}
}