{
	"credit": "Made with Blockbench",
	"textures": {
		"0": "./gauntlet",
		"particle": "./gauntlet"
	},
	"elements": [
		{
			"from": [6, 0, 6],
			"to": [10, 6, 10],
			"faces": {
				"north": {"uv": [0, 0, 4, 6], "texture": "#0"},
				"east": {"uv": [5, 6, 9, 12], "texture": "#0"},
				"south": {"uv": [0, 6, 4, 12], "texture": "#0"},
				"west": {"uv": [5, 0, 9, 6], "texture": "#0"},
				"up": {"uv": [11, 0, 15, 4], "texture": "#0"},
				"down": {"uv": [11, 5, 15, 9], "texture": "#0"}
			}
		}
	],
	"display": {
		"thirdperson_righthand": {
			"rotation": [90, -180, 0],
			"translation": [0, -2, 8],
			"scale": [1.1, 1.1, 1.1]
		},
		"thirdperson_lefthand": {
			"rotation": [90, -180, 0],
			"translation": [0, -2, 8],
			"scale": [1.1, 1.1, 1.1]
		},
		"firstperson_righthand": {
			"rotation": [-27.25, 0, 169],
			"translation": [0.5, -3.25, 0.5]
		}
	}
}