{
	"credit": "Made with Blockbench",
	"textures": {
		"0": "./bread",
		"particle": "./bread"
	},
	"elements": [
		{
			"from": [-16, -16, 8],
			"to": [32, 32, 8],
			"faces": {
				"north": {"uv": [0, 0, 16, 16], "texture": "#0"},
				"east": {"uv": [0, 0, 0, 16], "texture": "#missing"},
				"south": {"uv": [0, 0, 16, 16], "rotation": 270, "texture": "#0"},
				"west": {"uv": [0, 0, 0, 16], "texture": "#missing"},
				"up": {"uv": [0, 0, 16, 0], "texture": "#missing"},
				"down": {"uv": [0, 0, 16, 0], "texture": "#missing"}
			}
		}
	],
	"display": {
		"thirdperson_righthand": {
			"rotation": [0, -180, -39.25]
		},
		"thirdperson_lefthand": {
			"rotation": [0, -180, -39.25]
		},
		"firstperson_righthand": {
			"rotation": [0, -180, 0],
			"translation": [-0.75, 0, 0]
		},
		"ground": {
			"translation": [0, 80, 0],
			"scale": [4, 4, 4]
		},
		"gui": {
			"scale": [4, 4, 4]
		},
		"head": {
			"rotation": [-46.5, -83, 0],
			"translation": [-7.5, 0, -80],
			"scale": [4, 4, 4]
		},
		"fixed": {
			"translation": [0, 0, -80],
			"scale": [4, 4, 4]
		}
	}
}