{
	"credit": "Made with Blockbench",
	"textures": {
		"0": "./car",
		"particle": "./car"
	},
	"elements": [
		{
			"from": [5.1, 1, 4],
			"to": [9.9, 3, 8],
			"faces": {
				"north": {"uv": [0, 0, 4.8, 2], "texture": "#0"},
				"east": {"uv": [1, 0, 5, 2], "texture": "#0"},
				"south": {"uv": [0, 0, 4.8, 2], "texture": "#0"},
				"west": {"uv": [0, 0, 4, 2], "texture": "#0"},
				"up": {"uv": [0, 0, 4.8, 4], "texture": "#0"},
				"down": {"uv": [0, 0, 4.8, 4], "texture": "#0"}
			}
		},
		{
			"from": [5, 1, 10],
			"to": [10, 3, 12],
			"faces": {
				"north": {"uv": [0, 0, 5, 2], "texture": "#0"},
				"east": {"uv": [0, 0, 2, 2], "texture": "#0"},
				"south": {"uv": [0, 0, 5, 2], "texture": "#0"},
				"west": {"uv": [0, 0, 2, 2], "texture": "#0"},
				"up": {"uv": [0, 0, 5, 2], "texture": "#0"},
				"down": {"uv": [0, 0, 5, 2], "texture": "#0"}
			}
		},
		{
			"from": [5.1, 1, 12],
			"to": [9.9, 2.6, 13],
			"faces": {
				"north": {"uv": [0, 0, 4.8, 1.6], "texture": "#0"},
				"east": {"uv": [0, 0, 1, 1.6], "texture": "#0"},
				"south": {"uv": [0, 0, 4.8, 1.6], "texture": "#0"},
				"west": {"uv": [0, 0, 1, 1.6], "texture": "#0"},
				"up": {"uv": [0, 0, 4.8, 1], "texture": "#0"},
				"down": {"uv": [0, 0, 4.8, 1], "texture": "#0"}
			}
		},
		{
			"from": [5, 1.6, 11.4],
			"to": [10, 2.6, 12.4],
			"rotation": {"angle": 22.5, "axis": "x", "origin": [7.5, 1.5, 12.5]},
			"faces": {
				"north": {"uv": [0, 0, 5, 1], "texture": "#0"},
				"east": {"uv": [0, 0, 1, 1], "texture": "#0"},
				"south": {"uv": [0, 0, 5, 1], "texture": "#0"},
				"west": {"uv": [0, 0, 1, 1], "texture": "#0"},
				"up": {"uv": [0, 0, 5, 1], "texture": "#0"},
				"down": {"uv": [0, 0, 5, 1], "texture": "#0"}
			}
		},
		{
			"from": [5, 1, 8],
			"to": [10, 2, 10],
			"faces": {
				"north": {"uv": [0, 0, 5, 1], "texture": "#0"},
				"east": {"uv": [0, 0, 2, 1], "texture": "#0"},
				"south": {"uv": [0, 0, 5, 1], "texture": "#0"},
				"west": {"uv": [0, 0, 2, 1], "texture": "#0"},
				"up": {"uv": [0, 0, 5, 2], "texture": "#0"},
				"down": {"uv": [0, 0, 5, 2], "texture": "#0"}
			}
		},
		{
			"from": [4.85, 1, 5],
			"to": [5.85, 2, 6],
			"faces": {
				"north": {"uv": [5, 0, 6, 1], "texture": "#0"},
				"east": {"uv": [5, 0, 6, 1], "texture": "#0"},
				"south": {"uv": [5, 0, 6, 1], "texture": "#0"},
				"west": {"uv": [5, 0, 6, 1], "texture": "#0"},
				"up": {"uv": [5, 0, 6, 1], "texture": "#0"},
				"down": {"uv": [5, 0, 6, 1], "texture": "#0"}
			}
		},
		{
			"from": [9.15, 1, 5],
			"to": [10.15, 2, 6],
			"faces": {
				"north": {"uv": [5, 0, 6, 1], "texture": "#0"},
				"east": {"uv": [5, 0, 6, 1], "texture": "#0"},
				"south": {"uv": [5, 0, 6, 1], "texture": "#0"},
				"west": {"uv": [5, 0, 6, 1], "texture": "#0"},
				"up": {"uv": [5, 0, 6, 1], "texture": "#0"},
				"down": {"uv": [5, 0, 6, 1], "texture": "#0"}
			}
		},
		{
			"from": [4.85, 1, 10.5],
			"to": [5.85, 2, 11.5],
			"faces": {
				"north": {"uv": [5, 0, 6, 1], "texture": "#0"},
				"east": {"uv": [5, 0, 6, 1], "texture": "#0"},
				"south": {"uv": [5, 0, 6, 1], "texture": "#0"},
				"west": {"uv": [5, 0, 6, 1], "texture": "#0"},
				"up": {"uv": [5, 0, 6, 1], "texture": "#0"},
				"down": {"uv": [5, 0, 6, 1], "texture": "#0"}
			}
		},
		{
			"from": [9.15, 1, 10.5],
			"to": [10.15, 2, 11.5],
			"faces": {
				"north": {"uv": [5, 0, 6, 1], "texture": "#0"},
				"east": {"uv": [5, 0, 6, 1], "texture": "#0"},
				"south": {"uv": [5, 0, 6, 1], "texture": "#0"},
				"west": {"uv": [5, 0, 6, 1], "texture": "#0"},
				"up": {"uv": [5, 0, 6, 1], "texture": "#0"},
				"down": {"uv": [5, 0, 6, 1], "texture": "#0"}
			}
		}
	],
	"display": {
		"thirdperson_righthand": {
			"rotation": [90, -180, 0],
			"translation": [-7.75, -1.25, 10],
			"scale": [3, 3, 3]
		},
		"thirdperson_lefthand": {
			"translation": [0, 6.25, 0]
		},
		"firstperson_righthand": {
			"translation": [0, 8.25, 1.75]
		},
		"firstperson_lefthand": {
			"translation": [2, 7.75, 1.75]
		},
		"ground": {
			"translation": [0, 6.5, 0]
		},
		"head": {
			"translation": [0, 2.25, 0]
		},
		"fixed": {
			"rotation": [-90, 0, 0],
			"translation": [0, 0, -6.75]
		}
	},
	"groups": [
		{
			"name": "body",
			"origin": [8, 8, 8],
			"children": [0, 1, 2, 3, 4]
		},
		{
			"name": "wheels",
			"origin": [0, 0, 0],
			"children": [5, 6, 7, 8]
		}
	]
}