{
	"credit": "Made with Blockbench",
	"texture_size": [64, 64],
	"textures": {
		"0": "./inosuke",
		"particle": "./inosuke"
	},
	"elements": [
		{
			"name": "blade0",
			"from": [8, 0.125, 0],
			"to": [8.75, 0.375, 23.5],
			"rotation": {"angle": 0, "axis": "y", "origin": [16, 7.75, 15]},
			"faces": {
				"east": {"uv": [14.75, 4.25, 15, 16], "rotation": 270, "texture": "#0"},
				"south": {"uv": [14.75, 15.75, 15.5, 16], "texture": "#0", "cullface": "south"},
				"west": {"uv": [15, 4.25, 15.25, 16], "rotation": 270, "texture": "#0"},
				"up": {"uv": [14.75, 4.25, 15.125, 16], "rotation": 180, "texture": "#0"},
				"down": {"uv": [14.75, 4.25, 15.125, 16], "rotation": 180, "texture": "#0"}
			}
		},
		{
			"name": "blade1",
			"from": [7.75, 0.1895, 0],
			"to": [8, 0.3145, 23],
			"rotation": {"angle": 0, "axis": "y", "origin": [15.5, 8, 15]},
			"faces": {
				"south": {"uv": [15.5, 4.25, 15.75, 4.5], "texture": "#0", "cullface": "south"},
				"west": {"uv": [15.5, 4.25, 15.75, 16], "rotation": 90, "texture": "#0"},
				"up": {"uv": [15.5, 4.25, 15.75, 16], "texture": "#0"},
				"down": {"uv": [15.5, 4.25, 15.75, 16], "texture": "#0"}
			}
		},
		{
			"name": "blade2",
			"from": [7.25, 0.25, 0],
			"to": [8.75, 0.25, 25.5],
			"rotation": {"angle": 0, "axis": "y", "origin": [15.25, 8, 8]},
			"faces": {
				"up": {"uv": [14.75, 3.25, 16, 16], "rotation": 180, "texture": "#0"},
				"down": {"uv": [13.5, 3.25, 14.75, 16], "texture": "#0"}
			}
		},
		{
			"name": "handle0",
			"from": [7.25, 0, -8],
			"to": [8.75, 0.5, 0],
			"rotation": {"angle": 0, "axis": "y", "origin": [16, 7.75, 7]},
			"faces": {
				"north": {"uv": [0, 15.75, 0.75, 16], "texture": "#0", "cullface": "north"},
				"east": {"uv": [0, 12, 0, 16], "rotation": 270, "texture": "#0", "cullface": "north"},
				"south": {"uv": [0, 15.75, 0.75, 16], "texture": "#0", "cullface": "north"},
				"west": {"uv": [0.5, 12, 0.75, 16], "rotation": 90, "texture": "#0", "cullface": "north"},
				"up": {"uv": [0, 12, 0.75, 16], "rotation": 180, "texture": "#0", "cullface": "north"},
				"down": {"uv": [0, 12, 0.75, 16], "texture": "#0", "cullface": "down"}
			}
		},
		{
			"name": "handle1",
			"from": [7.125, -0.125, -7.75],
			"to": [8.875, 0.625, -6.75],
			"rotation": {"angle": 0, "axis": "y", "origin": [16, 7.75, 7.25]},
			"faces": {
				"north": {"uv": [0, 15.75, 0.75, 16], "texture": "#0", "cullface": "north"},
				"east": {"uv": [0, 12, 0.5, 12.25], "texture": "#0", "cullface": "north"},
				"south": {"uv": [0, 15.5, 0.75, 15.75], "texture": "#0", "cullface": "north"},
				"west": {"uv": [0.25, 15.75, 0.75, 16], "texture": "#0", "cullface": "north"},
				"up": {"uv": [0, 15.25, 0.75, 15.75], "texture": "#0", "cullface": "north"},
				"down": {"uv": [0, 15.5, 0.75, 16], "texture": "#0", "cullface": "down"}
			}
		},
		{
			"name": "handle2",
			"from": [7.125, 0.51, -7.25],
			"to": [8.875, 0.51, -0.75],
			"rotation": {"angle": 0, "axis": "y", "origin": [15.5, 8.5, 5.5]},
			"faces": {
				"up": {"uv": [0.75, 12.75, 1.625, 16], "texture": "#0", "cullface": "north"}
			}
		},
		{
			"name": "handle3",
			"from": [7.24, -0.12, -6.75],
			"to": [7.24, 0.63, -0.25],
			"rotation": {"angle": 0, "axis": "z", "origin": [7.25, 0.505, -3.5]},
			"faces": {
				"west": {"uv": [1.75, 12.75, 2.125, 16], "rotation": 90, "texture": "#0", "cullface": "north"}
			}
		},
		{
			"name": "handle4",
			"from": [8.76, -0.12, -6.75],
			"to": [8.76, 0.63, -0.25],
			"rotation": {"angle": 0, "axis": "z", "origin": [8.75, 0.505, -3.5]},
			"faces": {
				"east": {"uv": [1.75, 12.75, 2.125, 16], "rotation": 270, "texture": "#0", "cullface": "north"}
			}
		},
		{
			"name": "handle5",
			"from": [7.125, -0.01, -6.75],
			"to": [8.875, -0.01, -0.25],
			"rotation": {"angle": 0, "axis": "y", "origin": [15.5, 8, 6]},
			"faces": {
				"down": {"uv": [0.75, 12.75, 1.75, 16], "texture": "#0", "cullface": "down"}
			}
		},
		{
			"name": "handle6",
			"from": [6.25, 0.5, -6.5],
			"to": [7.25, 0.5, -5.5],
			"rotation": {"angle": -22.5, "axis": "z", "origin": [6.75, 0.5, -6]},
			"faces": {
				"up": {"uv": [0, 11.5, 0.5, 12], "texture": "#0", "cullface": "north"},
				"down": {"uv": [0, 11.5, 0.5, 12], "rotation": 90, "texture": "#0", "cullface": "north"}
			}
		},
		{
			"name": "handle7",
			"from": [6.25, 0, -6.5],
			"to": [7.25, 0, -5.5],
			"rotation": {"angle": 22.5, "axis": "z", "origin": [6.75, 0, -6]},
			"faces": {
				"up": {"uv": [0, 11.5, 0.5, 12], "texture": "#0", "cullface": "north"},
				"down": {"uv": [0, 11.5, 0.5, 12], "rotation": 90, "texture": "#0", "cullface": "north"}
			}
		}
	],
	"display": {
		"thirdperson_righthand": {
			"rotation": [-90, 0, -90],
			"translation": [7.25, 10.25, 0.5]
		},
		"thirdperson_lefthand": {
			"rotation": [-90, 0, -90],
			"translation": [7.25, 10.25, 0.5]
		},
		"firstperson_righthand": {
			"rotation": [-84, 1, -84],
			"translation": [7.75, 4.25, -0.5],
			"scale": [0.55, 0.55, 0.55]
		},
		"firstperson_lefthand": {
			"rotation": [-84, -6.25, -81],
			"translation": [8.5, 5, -0.5],
			"scale": [0.55, 0.55, 0.55]
		},
		"ground": {
			"translation": [0, 5.25, 0]
		},
		"gui": {
			"rotation": [-85.5, 43.25, 7.25],
			"translation": [0, 0.5, 0],
			"scale": [0.60273, 0.60273, 0.60273]
		},
		"head": {
			"rotation": [9, 0, 90],
			"translation": [-8, -0.75, -3.5]
		},
		"fixed": {
			"rotation": [90, 92, 0],
			"translation": [1, 1, 15.25],
			"scale": [2.16016, 2.16016, 2.16016]
		}
	},
	"groups": [
		{
			"name": "inosukes_sword",
			"origin": [8, 8, 8],
			"children": [
				{
					"name": "blade",
					"origin": [8, 8, 8],
					"children": [0, 1, 2]
				},
				{
					"name": "handle",
					"origin": [8, 8, 8],
					"children": [3, 4, 5, 6, 7, 8, 9, 10]
				}
			]
		}
	]
}