{
	"credit": "Made with Blockbench",
	"textures": {
		"0": "./cowboy_hat",
		"1": "./cowboy_base",
		"particle": "./cowboy_hat"
	},
	"elements": [
		{
			"from": [2.5, 0, 2],
			"to": [13.5, 1, 14],
			"faces": {
				"north": {"uv": [0, 12, 11, 13], "texture": "#1"},
				"east": {"uv": [0, 13, 12, 14], "texture": "#1"},
				"south": {"uv": [0, 13, 11, 14], "texture": "#1"},
				"west": {"uv": [0, 13, 12, 14], "texture": "#1"},
				"up": {"uv": [0, 0, 11, 12], "texture": "#1"},
				"down": {"uv": [0, 0, 11, 12], "texture": "#1"}
			}
		},
		{
			"from": [2.5, 1, 2],
			"to": [3.5, 2, 14],
			"faces": {
				"north": {"uv": [12, 0, 13, 1], "texture": "#1"},
				"east": {"uv": [14, 2, 15, 14], "rotation": 90, "texture": "#1"},
				"south": {"uv": [15, 0, 16, 1], "texture": "#1"},
				"west": {"uv": [15, 5, 16, 14], "rotation": 90, "texture": "#1"},
				"up": {"uv": [12, 2, 13, 14], "texture": "#1"},
				"down": {"uv": [0, 0, 1, 12], "texture": "#missing"}
			}
		},
		{
			"from": [12.5, 1, 2],
			"to": [13.5, 2, 14],
			"faces": {
				"north": {"uv": [12, 0, 13, 1], "texture": "#1"},
				"east": {"uv": [14, 2, 15, 14], "rotation": 90, "texture": "#1"},
				"south": {"uv": [15, 0, 16, 1], "texture": "#1"},
				"west": {"uv": [15, 5, 16, 14], "rotation": 90, "texture": "#1"},
				"up": {"uv": [12, 2, 13, 14], "texture": "#1"},
				"down": {"uv": [0, 0, 1, 12], "texture": "#missing"}
			}
		},
		{
			"from": [5, 1, 4.5],
			"to": [11, 4, 11.5],
			"faces": {
				"north": {"uv": [0, 0, 6, 3], "texture": "#0"},
				"east": {"uv": [6, 0, 13, 3], "texture": "#0"},
				"south": {"uv": [0, 3, 6, 6], "texture": "#0"},
				"west": {"uv": [6, 0, 13, 3], "texture": "#0"},
				"up": {"uv": [6, 3, 12, 10], "texture": "#0"},
				"down": {"uv": [0, 0, 6, 7], "texture": "#missing"}
			}
		},
		{
			"from": [9.75, 4, 4.5],
			"to": [11, 4.5, 11.5],
			"faces": {
				"north": {"uv": [0, 6, 1, 7], "texture": "#0"},
				"east": {"uv": [0, 7, 7, 8], "texture": "#0"},
				"south": {"uv": [0, 6, 1, 7], "texture": "#0"},
				"west": {"uv": [0, 7, 7, 8], "texture": "#0"},
				"up": {"uv": [0, 8, 1, 15], "texture": "#0"},
				"down": {"uv": [0, 0, 1.25, 7], "texture": "#missing"}
			}
		},
		{
			"from": [5, 4, 4.5],
			"to": [6.25, 4.5, 11.5],
			"faces": {
				"north": {"uv": [0, 6, 1, 7], "texture": "#0"},
				"east": {"uv": [0, 7, 7, 8], "texture": "#0"},
				"south": {"uv": [0, 6, 1, 7], "texture": "#0"},
				"west": {"uv": [0, 7, 7, 8], "texture": "#0"},
				"up": {"uv": [0, 8, 1, 15], "texture": "#0"},
				"down": {"uv": [0, 0, 1.25, 7], "texture": "#missing"}
			}
		}
	],
	"display": {
		"thirdperson_righthand": {
			"translation": [0, 5, 0.25],
			"scale": [0.70313, 0.70313, 0.70313]
		},
		"thirdperson_lefthand": {
			"translation": [0, 5, 0.25],
			"scale": [0.70313, 0.70313, 0.70313]
		},
		"firstperson_righthand": {
			"translation": [0, 6.75, 1.25]
		},
		"firstperson_lefthand": {
			"translation": [0, 6.75, 1.25]
		},
		"ground": {
			"translation": [0, 10.5, 0],
			"scale": [1.52734, 1.52734, 1.52734]
		},
		"gui": {
			"rotation": [28.5, 157, 0],
			"translation": [0, 6, 0],
			"scale": [1.00391, 1.00391, 1.00391]
		},
		"head": {
			"translation": [0, 19.75, 0],
			"scale": [1.85469, 1.85469, 1.85469]
		},
		"fixed": {
			"rotation": [-90, 0, 0],
			"translation": [-0.25, 0, -18.25],
			"scale": [2.41406, 2.41406, 2.41406]
		}
	}
}