{
	"credit": "Made with Blockbench",
	"textures": {
		"4": "./hay_block_top",
		"5": "./white_wool"
	},
	"elements": [
		{
			"name": "Neck",
			"from": [12.5, 0.25, -7.5],
			"to": [15.5, 1, -6.5],
			"rotation": {"angle": 22.5, "axis": "x", "origin": [8, -28, 8]},
			"faces": {
				"north": {"uv": [0, 0, 3, 0], "texture": "#4"},
				"east": {"uv": [0, 0, 1, 0], "texture": "#4"},
				"south": {"uv": [0, 0, 3, 0], "texture": "#4"},
				"west": {"uv": [0, 0, 1, 0], "texture": "#4"},
				"up": {"uv": [0, 0, 3, 1], "texture": "#4"},
				"down": {"uv": [0, 0, 3, 1], "texture": "#4"}
			}
		},
		{
			"name": "Neck",
			"from": [12.5, 0.25, -9.5],
			"to": [14.5, 1, -7.5],
			"rotation": {"angle": 22.5, "axis": "x", "origin": [8, -28, 8]},
			"faces": {
				"north": {"uv": [0, 0, 2, 0], "texture": "#4"},
				"east": {"uv": [0, 0, 2, 0], "texture": "#4"},
				"south": {"uv": [0, 0, 2, 0], "texture": "#4"},
				"west": {"uv": [0, 0, 2, 0], "texture": "#4"},
				"up": {"uv": [0, 0, 2, 2], "texture": "#4"},
				"down": {"uv": [0, 0, 2, 2], "texture": "#4"}
			}
		},
		{
			"name": "Neck",
			"from": [11.5, 0.25, -10.5],
			"to": [12.5, 1, -6.5],
			"rotation": {"angle": 22.5, "axis": "x", "origin": [8, -28, 8]},
			"faces": {
				"north": {"uv": [0, 0, 1, 0], "texture": "#4"},
				"east": {"uv": [0, 0, 4, 0], "texture": "#4"},
				"south": {"uv": [0, 0, 1, 0], "texture": "#4"},
				"west": {"uv": [0, 0, 4, 0], "texture": "#4"},
				"up": {"uv": [0, 0, 1, 4], "texture": "#4"},
				"down": {"uv": [0, 0, 1, 4], "texture": "#4"}
			}
		},
		{
			"name": "Neck",
			"from": [4.5, 0.25, -11.5],
			"to": [11.5, 1, -6.5],
			"rotation": {"angle": 22.5, "axis": "x", "origin": [8, -28, 8]},
			"faces": {
				"north": {"uv": [0, 0, 9, 0], "texture": "#4"},
				"east": {"uv": [0, 0, 6, 0], "texture": "#4"},
				"south": {"uv": [0, 0, 9, 0], "texture": "#4"},
				"west": {"uv": [0, 0, 6, 0], "texture": "#4"},
				"up": {"uv": [0, 0, 6, 5], "texture": "#4"},
				"down": {"uv": [0, 0, 6, 5], "texture": "#4"}
			}
		},
		{
			"name": "Neck",
			"from": [3.5, 0.25, -10.5],
			"to": [4.5, 1, -6.5],
			"rotation": {"angle": 22.5, "axis": "x", "origin": [8, -28, 8]},
			"faces": {
				"north": {"uv": [0, 0, 1, 0], "texture": "#4"},
				"east": {"uv": [0, 0, 4, 0], "texture": "#4"},
				"south": {"uv": [0, 0, 1, 0], "texture": "#4"},
				"west": {"uv": [0, 0, 4, 0], "texture": "#4"},
				"up": {"uv": [0, 0, 1, 4], "texture": "#4"},
				"down": {"uv": [0, 0, 1, 4], "texture": "#4"}
			}
		},
		{
			"name": "Neck",
			"from": [1.5, 0.25, -9.5],
			"to": [3.5, 1, -7.5],
			"rotation": {"angle": 22.5, "axis": "x", "origin": [8, -28, 8]},
			"faces": {
				"north": {"uv": [0, 0, 2, 0], "texture": "#4"},
				"east": {"uv": [0, 0, 2, 0], "texture": "#4"},
				"south": {"uv": [0, 0, 2, 0], "texture": "#4"},
				"west": {"uv": [0, 0, 2, 0], "texture": "#4"},
				"up": {"uv": [0, 0, 2, 2], "texture": "#4"},
				"down": {"uv": [0, 0, 2, 2], "texture": "#4"}
			}
		},
		{
			"name": "Neck",
			"from": [0.5, 0.25, -7.5],
			"to": [3.5, 1, -6.5],
			"rotation": {"angle": 22.5, "axis": "x", "origin": [8, -28, 8]},
			"faces": {
				"north": {"uv": [0, 0, 3, 0], "texture": "#4"},
				"east": {"uv": [0, 0, 1, 0], "texture": "#4"},
				"south": {"uv": [0, 0, 3, 0], "texture": "#4"},
				"west": {"uv": [0, 0, 1, 0], "texture": "#4"},
				"up": {"uv": [0, 0, 3, 1], "texture": "#4"},
				"down": {"uv": [0, 0, 3, 1], "texture": "#4"}
			}
		},
		{
			"name": "Neck",
			"from": [-0.5, 0.25, -6.5],
			"to": [4.5, 1, -1.5],
			"rotation": {"angle": 22.5, "axis": "x", "origin": [8, -28, 8]},
			"faces": {
				"north": {"uv": [0, 0, 6, 0], "texture": "#4"},
				"east": {"uv": [0, 0, 7, 0], "texture": "#4"},
				"south": {"uv": [0, 0, 6, 0], "texture": "#4"},
				"west": {"uv": [0, 0, 7, 0], "texture": "#4"},
				"up": {"uv": [0, 0, 5, 5], "texture": "#4"},
				"down": {"uv": [0, 0, 5, 5], "texture": "#4"}
			}
		},
		{
			"name": "Neck",
			"from": [0.5, 0.25, -1.5],
			"to": [3.5, 1, -0.5],
			"rotation": {"angle": 22.5, "axis": "x", "origin": [8, -28, 8]},
			"faces": {
				"north": {"uv": [0, 0, 3, 0], "texture": "#4"},
				"east": {"uv": [0, 0, 1, 0], "texture": "#4"},
				"south": {"uv": [0, 0, 3, 0], "texture": "#4"},
				"west": {"uv": [0, 0, 1, 0], "texture": "#4"},
				"up": {"uv": [0, 0, 3, 1], "texture": "#4"},
				"down": {"uv": [0, 0, 3, 1], "texture": "#4"}
			}
		},
		{
			"name": "Neck",
			"from": [1.5, 0.25, -0.5],
			"to": [3.5, 1, 1.5],
			"rotation": {"angle": 22.5, "axis": "x", "origin": [8, -28, 8]},
			"faces": {
				"north": {"uv": [0, 0, 2, 0], "texture": "#4"},
				"east": {"uv": [0, 0, 2, 0], "texture": "#4"},
				"south": {"uv": [0, 0, 2, 0], "texture": "#4"},
				"west": {"uv": [0, 0, 2, 0], "texture": "#4"},
				"up": {"uv": [0, 0, 2, 2], "texture": "#4"},
				"down": {"uv": [0, 0, 2, 2], "texture": "#4"}
			}
		},
		{
			"name": "Neck",
			"from": [3.5, 0.25, -1.5],
			"to": [4.5, 1, 2.5],
			"rotation": {"angle": 22.5, "axis": "x", "origin": [8, -28, 8]},
			"faces": {
				"north": {"uv": [0, 0, 1, 0], "texture": "#4"},
				"east": {"uv": [0, 0, 4, 0], "texture": "#4"},
				"south": {"uv": [0, 0, 1, 0], "texture": "#4"},
				"west": {"uv": [0, 0, 4, 0], "texture": "#4"},
				"up": {"uv": [0, 0, 1, 4], "texture": "#4"},
				"down": {"uv": [0, 0, 1, 4], "texture": "#4"}
			}
		},
		{
			"name": "Neck",
			"from": [4.5, 0.25, -1.5],
			"to": [11.5, 1, 3.5],
			"rotation": {"angle": 22.5, "axis": "x", "origin": [8, -28, 8]},
			"faces": {
				"north": {"uv": [0, 0, 9, 0], "texture": "#4"},
				"east": {"uv": [0, 0, 6, 0], "texture": "#4"},
				"south": {"uv": [0, 0, 9, 0], "texture": "#4"},
				"west": {"uv": [0, 0, 6, 0], "texture": "#4"},
				"up": {"uv": [0, 0, 6, 5], "texture": "#4"},
				"down": {"uv": [0, 0, 6, 5], "texture": "#4"}
			}
		},
		{
			"name": "Neck",
			"from": [11.5, 0.25, -1.5],
			"to": [12.5, 1, 2.5],
			"rotation": {"angle": 22.5, "axis": "x", "origin": [8, -28, 8]},
			"faces": {
				"north": {"uv": [0, 0, 1, 0], "texture": "#4"},
				"east": {"uv": [0, 0, 4, 0], "texture": "#4"},
				"south": {"uv": [0, 0, 1, 0], "texture": "#4"},
				"west": {"uv": [0, 0, 4, 0], "texture": "#4"},
				"up": {"uv": [0, 0, 1, 4], "texture": "#4"},
				"down": {"uv": [0, 0, 1, 4], "texture": "#4"}
			}
		},
		{
			"name": "Neck",
			"from": [12.5, 0.25, -0.5],
			"to": [14.5, 1, 1.5],
			"rotation": {"angle": 22.5, "axis": "x", "origin": [8, -28, 8]},
			"faces": {
				"north": {"uv": [0, 0, 2, 0], "texture": "#4"},
				"east": {"uv": [0, 0, 2, 0], "texture": "#4"},
				"south": {"uv": [0, 0, 2, 0], "texture": "#4"},
				"west": {"uv": [0, 0, 2, 0], "texture": "#4"},
				"up": {"uv": [0, 0, 2, 2], "texture": "#4"},
				"down": {"uv": [0, 0, 2, 2], "texture": "#4"}
			}
		},
		{
			"name": "Neck",
			"from": [12.5, 0.25, -1.5],
			"to": [15.5, 1, -0.5],
			"rotation": {"angle": 22.5, "axis": "x", "origin": [8, -28, 8]},
			"faces": {
				"north": {"uv": [0, 0, 3, 0], "texture": "#4"},
				"east": {"uv": [0, 0, 1, 0], "texture": "#4"},
				"south": {"uv": [0, 0, 3, 0], "texture": "#4"},
				"west": {"uv": [0, 0, 1, 0], "texture": "#4"},
				"up": {"uv": [0, 0, 3, 1], "texture": "#4"},
				"down": {"uv": [0, 0, 3, 1], "texture": "#4"}
			}
		},
		{
			"name": "Neck",
			"from": [11.5, 0.25, -6.5],
			"to": [16.5, 1, -1.5],
			"rotation": {"angle": 22.5, "axis": "x", "origin": [8, -28, 8]},
			"faces": {
				"north": {"uv": [0, 0, 6, 0], "texture": "#4"},
				"east": {"uv": [0, 0, 7, 0], "texture": "#4"},
				"south": {"uv": [0, 0, 6, 0], "texture": "#4"},
				"west": {"uv": [0, 0, 7, 0], "texture": "#4"},
				"up": {"uv": [0, 0, 5, 5], "texture": "#4"},
				"down": {"uv": [0, 0, 5, 5], "texture": "#4"}
			}
		},
		{
			"name": "Neck",
			"from": [11.5, 1.1, -7.5],
			"to": [12.1, 2.9, -0.5],
			"rotation": {"angle": 22.5, "axis": "x", "origin": [8, -28, 8]},
			"faces": {
				"north": {"uv": [0, 0, 0.6, 1.8], "texture": "#5"},
				"east": {"uv": [0, 0, 7, 1.8], "texture": "#5"},
				"south": {"uv": [0, 0, 0.6, 1.8], "texture": "#5"},
				"west": {"uv": [0, 0, 7, 1.8], "texture": "#5"},
				"up": {"uv": [0, 0, 0.6, 7], "texture": "#5"},
				"down": {"uv": [0, 0, 0.6, 7], "texture": "#5"}
			}
		},
		{
			"name": "Neck",
			"from": [4.5, 1.1, -0.5],
			"to": [11.5, 2.9, 0.1],
			"rotation": {"angle": 22.5, "axis": "x", "origin": [8, -28, 8]},
			"faces": {
				"north": {"uv": [0, 0, 7, 1.8], "texture": "#5"},
				"east": {"uv": [0, 0, 0.6, 1.8], "texture": "#5"},
				"south": {"uv": [0, 0, 7, 1.8], "texture": "#5"},
				"west": {"uv": [0, 0, 0.6, 1.8], "texture": "#5"},
				"up": {"uv": [0, 0, 7, 0.6], "texture": "#5"},
				"down": {"uv": [0, 0, 7, 0.6], "texture": "#5"}
			}
		},
		{
			"name": "Neck",
			"from": [4.3, 2.9, -7.5],
			"to": [11.6, 4.9, -0.4],
			"rotation": {"angle": 22.5, "axis": "x", "origin": [8, -28, 8]},
			"faces": {
				"north": {"uv": [0, 0, 7.3, 2], "texture": "#4"},
				"east": {"uv": [0, 0, 7.1, 2], "texture": "#4"},
				"south": {"uv": [0, 0, 7.3, 2], "texture": "#4"},
				"west": {"uv": [0, 0, 7.1, 2], "texture": "#4"},
				"up": {"uv": [0, 0, 7.3, 7.1], "texture": "#4"},
				"down": {"uv": [0, 0, 7.3, 7.1], "texture": "#4"}
			}
		},
		{
			"name": "Neck",
			"from": [3.8, 1.1, -7.5],
			"to": [4.5, 2.9, -0.5],
			"rotation": {"angle": 22.5, "axis": "x", "origin": [8, -28, 8]},
			"faces": {
				"north": {"uv": [0, 0, 0.7, 1.8], "texture": "#5"},
				"east": {"uv": [0, 0, 7, 1.8], "texture": "#5"},
				"south": {"uv": [0, 0, 0.7, 1.8], "texture": "#5"},
				"west": {"uv": [0, 0, 7, 1.8], "texture": "#5"},
				"up": {"uv": [0, 0, 0.7, 7], "texture": "#5"},
				"down": {"uv": [0, 0, 0.7, 7], "texture": "#5"}
			}
		},
		{
			"name": "Neck",
			"from": [4.5, 1.1, -8],
			"to": [11.5, 2.9, -7.5],
			"rotation": {"angle": 22.5, "axis": "x", "origin": [8, -28, 8]},
			"faces": {
				"north": {"uv": [0, 0, 7, 1.8], "texture": "#5"},
				"east": {"uv": [0, 0, 0.5, 1.8], "texture": "#5"},
				"south": {"uv": [0, 0, 7, 1.8], "texture": "#5"},
				"west": {"uv": [0, 0, 0.5, 1.8], "texture": "#5"},
				"up": {"uv": [0, 0, 7, 0.5], "texture": "#5"},
				"down": {"uv": [0, 0, 7, 0.5], "texture": "#5"}
			}
		}
	],
	"display": {
		"thirdperson_righthand": {
			"rotation": [69, 0, 0],
			"translation": [-6, 2.75, 23],
			"scale": [1.3, 1.3, 1.3]
		},
		"thirdperson_lefthand": {
			"rotation": [75, 45, 0],
			"translation": [0, 2.5, 0],
			"scale": [0.375, 0.375, 0.375]
		},
		"firstperson_righthand": {
			"rotation": [0, 45, 0],
			"translation": [0, 2.25, 0],
			"scale": [0.4, 0.4, 0.4]
		},
		"firstperson_lefthand": {
			"rotation": [0, 45, 0],
			"translation": [0, 2.75, 0],
			"scale": [0.4, 0.4, 0.4]
		},
		"ground": {
			"translation": [0, -0.25, 0],
			"scale": [0.5, 0.5, 0.5]
		},
		"gui": {
			"rotation": [30, 42, 0],
			"translation": [0, 0.5, 0],
			"scale": [0.4, 0.4, 0.4]
		},
		"head": {
			"translation": [0, 10.75, -0.5],
			"scale": [1.9, 1.9, 1.9]
		},
		"fixed": {
			"rotation": [-90, 0, 0],
			"translation": [0, 0, -13.75],
			"scale": [1.8, 1.8, 1.8]
		}
	},
	"groups": [
		{
			"name": "sunhat",
			"children": [0, 1, 2, 3, 4, 5, 6, 7, 8, 9, 10, 11, 12, 13, 14, 15, 16, 17, 18, 19, 20]
		}
	]
}
